Workbook

Sheet MIS
C1: PLANT | D1: Plant Name | E1: # Cs Plan GT | F1: # Cs Plan OT | G1: # Cs Plan Total | H1: # Cs Executed GT | I1: # Cs Executed OT | J1: # Cs Executed Total | K1: % Executed GT | L1: % Executed OT | M1: % Executed Total | N1: # Vehicle Plan | O1: # Vehicle Placed | P1: % Vehicle Placed | Q1: # Cs Executed in Vehicle- GT | R1: # Cs Executed in Vehicle- OT
A2: Yogesh Sir | B2: Y | C2: C042 | D2: Purna | E2: =SUMIFS(PUSH!E:E,PUSH!F:F,MIS!C2,PUSH!H:H,MIS!A2) -> 2757 | F2: =G2-E2 -> 4462 | G2: =SUMIFS(PUSH!E:E,PUSH!F:F,MIS!C2) -> 7219 | H2: =SUMIFS(PUSH!O:O,PUSH!F:F,MIS!C2,PUSH!H:H,MIS!A2) -> 2191 | I2: =J2-H2 -> 2454 | J2: =SUMIFS(PUSH!O:O,PUSH!F:F,MIS!C2) -> 4645 | K2: =IFERROR(H2/E2,0) -> 0.79470439 | L2: =IFERROR(I2/F2,0) -> 0.54997759 | M2: =IFERROR(J2/G2,0) -> 0.64344092 | N2: =COUNTIFS(Indent!I:I,MIS!D2) -> 0 | O2: =COUNTIFS(Indent!O:O,MIS!B2,Indent!I:I,MIS!D2) -> 0 | P2: =IFERROR(O2/N2,0) -> 0 | Q2: =IFERROR(H2/J2,0) -> 0.47168999 | R2: =IFERROR(I2/J2,0) -> 0.52831001
A3: Yogesh Sir | B3: Y | C3: C043 | D3: Pune | E3: =SUMIFS(PUSH!E:E,PUSH!F:F,MIS!C3,PUSH!H:H,MIS!A3) -> 2930 | F3: =G3-E3 -> 2679 | G3: =SUMIFS(PUSH!E:E,PUSH!F:F,MIS!C3) -> 5609 | H3: =SUMIFS(PUSH!O:O,PUSH!F:F,MIS!C3,PUSH!H:H,MIS!A3) -> 2226 | I3: =J3-H3 -> 2238 | J3: =SUMIFS(PUSH!O:O,PUSH!F:F,MIS!C3) -> 4464 | K3: =IFERROR(H3/E3,0) -> 0.75972696 | L3: =IFERROR(I3/F3,0) -> 0.83538634 | M3: =IFERROR(J3/G3,0) -> 0.79586379 | N3: =COUNTIFS(Indent!I:I,MIS!D3) -> 4 | O3: =COUNTIFS(Indent!O:O,MIS!B3,Indent!I:I,MIS!D3) -> 4 | P3: =IFERROR(O3/N3,0) -> 1 | Q3: =IFERROR(H3/J3,0) -> 0.49865591 | R3: =IFERROR(I3/J3,0) -> 0.50134409
A4: Yogesh Sir | B4: Y | C4: C045 | D4: Goa | E4: =SUMIFS(PUSH!E:E,PUSH!F:F,MIS!C4,PUSH!H:H,MIS!A4) -> 0 | F4: =G4-E4 -> 0 | G4: =SUMIFS(PUSH!E:E,PUSH!F:F,MIS!C4) -> 0 | H4: =SUMIFS(PUSH!O:O,PUSH!F:F,MIS!C4,PUSH!H:H,MIS!A4) -> 0 | I4: =J4-H4 -> 0 | J4: =SUMIFS(PUSH!O:O,PUSH!F:F,MIS!C4) -> 0 | K4: =IFERROR(H4/E4,0) -> 0 | L4: =IFERROR(I4/F4,0) -> 0 | M4: =IFERROR(J4/G4,0) -> 0 | N4: =COUNTIFS(Indent!I:I,MIS!D4) -> 0 | O4: =COUNTIFS(Indent!O:O,MIS!B4,Indent!I:I,MIS!D4) -> 0 | P4: =IFERROR(O4/N4,0) -> 0 | Q4: =IFERROR(H4/J4,0) -> 0 | R4: =IFERROR(I4/J4,0) -> 0
A5: Yogesh Sir | B5: Y | C5: C046 | D5: Indore | E5: =SUMIFS(PUSH!E:E,PUSH!F:F,MIS!C5,PUSH!H:H,MIS!A5) -> 2156 | F5: =G5-E5 -> 1237 | G5: =SUMIFS(PUSH!E:E,PUSH!F:F,MIS!C5) -> 3393 | H5: =SUMIFS(PUSH!O:O,PUSH!F:F,MIS!C5,PUSH!H:H,MIS!A5) -> 834 | I5: =J5-H5 -> 439 | J5: =SUMIFS(PUSH!O:O,PUSH!F:F,MIS!C5) -> 1273 | K5: =IFERROR(H5/E5,0) -> 0.38682746 | L5: =IFERROR(I5/F5,0) -> 0.35489086 | M5: =IFERROR(J5/G5,0) -> 0.3751842 | N5: =COUNTIFS(Indent!I:I,MIS!D5) -> 2 | O5: =COUNTIFS(Indent!O:O,MIS!B5,Indent!I:I,MIS!D5) -> 1 | P5: =IFERROR(O5/N5,0) -> 0.5 | Q5: =IFERROR(H5/J5,0) -> 0.65514533 | R5: =IFERROR(I5/J5,0) -> 0.34485467
A6: Yogesh Sir | B6: Y | C6: C048 | D6: Ahmd | E6: =SUMIFS(PUSH!E:E,PUSH!F:F,MIS!C6,PUSH!H:H,MIS!A6) -> 4082 | F6: =G6-E6 -> 2753 | G6: =SUMIFS(PUSH!E:E,PUSH!F:F,MIS!C6) -> 6835 | H6: =SUMIFS(PUSH!O:O,PUSH!F:F,MIS!C6,PUSH!H:H,MIS!A6) -> 2739 | I6: =J6-H6 -> 2448 | J6: =SUMIFS(PUSH!O:O,PUSH!F:F,MIS!C6) -> 5187 | K6: =IFERROR(H6/E6,0) -> 0.67099461 | L6: =IFERROR(I6/F6,0) -> 0.88921177 | M6: =IFERROR(J6/G6,0) -> 0.75888808 | N6: =COUNTIFS(Indent!I:I,MIS!D6) -> 2 | O6: =COUNTIFS(Indent!O:O,MIS!B6,Indent!I:I,MIS!D6) -> 2 | P6: =IFERROR(O6/N6,0) -> 1 | Q6: =IFERROR(H6/J6,0) -> 0.5280509 | R6: =IFERROR(I6/J6,0) -> 0.4719491
A7: Yogesh Sir | B7: Y | C7: C104 | D7: Kundli | E7: =SUMIFS(PUSH!E:E,PUSH!F:F,MIS!C7,PUSH!H:H,MIS!A7) -> 0 | F7: =G7-E7 -> 0 | G7: =SUMIFS(PUSH!E:E,PUSH!F:F,MIS!C7) -> 0 | H7: =SUMIFS(PUSH!O:O,PUSH!F:F,MIS!C7,PUSH!H:H,MIS!A7) -> 0 | I7: =J7-H7 -> 0 | J7: =SUMIFS(PUSH!O:O,PUSH!F:F,MIS!C7) -> 0 | K7: =IFERROR(H7/E7,0) -> 0 | L7: =IFERROR(I7/F7,0) -> 0 | M7: =IFERROR(J7/G7,0) -> 0 | N7: =COUNTIFS(Indent!I:I,MIS!D7) -> 0 | O7: =COUNTIFS(Indent!O:O,MIS!B7,Indent!I:I,MIS!D7) -> 0 | P7: =IFERROR(O7/N7,0) -> 0 | Q7: =IFERROR(H7/J7,0) -> 0 | R7: =IFERROR(I7/J7,0) -> 0
A8: Yogesh Sir | B8: Y | C8: C111 | D8: Kolkata | E8: =SUMIFS(PUSH!E:E,PUSH!F:F,MIS!C8,PUSH!H:H,MIS!A8) -> 372 | F8: =G8-E8 -> 2666 | G8: =SUMIFS(PUSH!E:E,PUSH!F:F,MIS!C8) -> 3038 | H8: =SUMIFS(PUSH!O:O,PUSH!F:F,MIS!C8,PUSH!H:H,MIS!A8) -> 372 | I8: =J8-H8 -> 1773 | J8: =SUMIFS(PUSH!O:O,PUSH!F:F,MIS!C8) -> 2145 | K8: =IFERROR(H8/E8,0) -> 1 | L8: =IFERROR(I8/F8,0) -> 0.66504126 | M8: =IFERROR(J8/G8,0) -> 0.70605662 | N8: =COUNTIFS(Indent!I:I,MIS!D8) -> 1 | O8: =COUNTIFS(Indent!O:O,MIS!B8,Indent!I:I,MIS!D8) -> 1 | P8: =IFERROR(O8/N8,0) -> 1 | Q8: =IFERROR(H8/J8,0) -> 0.17342657 | R8: =IFERROR(I8/J8,0) -> 0.82657343
A9: Yogesh Sir | B9: Y | C9: C124 | D9: Nagpur | E9: =SUMIFS(PUSH!E:E,PUSH!F:F,MIS!C9,PUSH!H:H,MIS!A9) -> 0 | F9: =G9-E9 -> 0 | G9: =SUMIFS(PUSH!E:E,PUSH!F:F,MIS!C9) -> 0 | H9: =SUMIFS(PUSH!O:O,PUSH!F:F,MIS!C9,PUSH!H:H,MIS!A9) -> 0 | I9: =J9-H9 -> 0 | J9: =SUMIFS(PUSH!O:O,PUSH!F:F,MIS!C9) -> 0 | K9: =IFERROR(H9/E9,0) -> 0 | L9: =IFERROR(I9/F9,0) -> 0 | M9: =IFERROR(J9/G9,0) -> 0 | N9: =COUNTIFS(Indent!I:I,MIS!D9) -> 1 | O9: =COUNTIFS(Indent!O:O,MIS!B9,Indent!I:I,MIS!D9) -> 1 | P9: =IFERROR(O9/N9,0) -> 1 | Q9: =IFERROR(H9/J9,0) -> 0 | R9: =IFERROR(I9/J9,0) -> 0
A10: Yogesh Sir | B10: Y | C10: C131 | D10: Pondy | E10: =SUMIFS(PUSH!E:E,PUSH!F:F,MIS!C10,PUSH!H:H,MIS!A10) -> 1123 | F10: =G10-E10 -> 5030 | G10: =SUMIFS(PUSH!E:E,PUSH!F:F,MIS!C10) -> 6153 | H10: =SUMIFS(PUSH!O:O,PUSH!F:F,MIS!C10,PUSH!H:H,MIS!A10) -> 1123 | I10: =J10-H10 -> 4126 | J10: =SUMIFS(PUSH!O:O,PUSH!F:F,MIS!C10) -> 5249 | K10: =IFERROR(H10/E10,0) -> 1 | L10: =IFERROR(I10/F10,0) -> 0.82027833 | M10: =IFERROR(J10/G10,0) -> 0.8530798 | N10: =COUNTIFS(Indent!I:I,MIS!D10) -> 3 | O10: =COUNTIFS(Indent!O:O,MIS!B10,Indent!I:I,MIS!D10) -> 3 | P10: =IFERROR(O10/N10,0) -> 1 | Q10: =IFERROR(H10/J10,0) -> 0.21394551 | R10: =IFERROR(I10/J10,0) -> 0.78605449
A11: Yogesh Sir | B11: Y | C11: C132 | D11: HYD | E11: =SUMIFS(PUSH!E:E,PUSH!F:F,MIS!C11,PUSH!H:H,MIS!A11) -> 0 | F11: =G11-E11 -> 180 | G11: =SUMIFS(PUSH!E:E,PUSH!F:F,MIS!C11) -> 180 | H11: =SUMIFS(PUSH!O:O,PUSH!F:F,MIS!C11,PUSH!H:H,MIS!A11) -> 0 | I11: =J11-H11 -> 0 | J11: =SUMIFS(PUSH!O:O,PUSH!F:F,MIS!C11) -> 0 | K11: =IFERROR(H11/E11,0) -> 0 | L11: =IFERROR(I11/F11,0) -> 0 | M11: =IFERROR(J11/G11,0) -> 0 | N11: =COUNTIFS(Indent!I:I,MIS!D11) -> 0 | O11: =COUNTIFS(Indent!O:O,MIS!B11,Indent!I:I,MIS!D11) -> 0 | P11: =IFERROR(O11/N11,0) -> 0 | Q11: =IFERROR(H11/J11,0) -> 0 | R11: =IFERROR(I11/J11,0) -> 0
D12: Total | E12: =SUM(E2:E11) -> 13420 | F12: =SUM(F2:F11) -> 19007 | G12: =SUM(G2:G11) -> 32427 | H12: =SUM(H2:H11) -> 9485 | I12: =SUM(I2:I11) -> 13478 | J12: =SUM(J2:J11) -> 22963 | K12: =IFERROR(H12/E12,0) -> 0.70678092 | L12: =IFERROR(I12/F12,0) -> 0.70910717 | M12: =IFERROR(J12/G12,0) -> 0.70814445 | N12: =SUM(N2:N11) -> 13 | O12: =SUM(O2:O11) -> 12 | P12: =IFERROR(O12/N12,0) -> 0.92307692 | Q12: =IFERROR(H12/J12,0) -> 0.41305579 | R12: =IFERROR(I12/J12,0) -> 0.58694421

Sheet APO
A1: D | B1: STO Number | C1: Demand Plant | D1: Material | E1: Design Type | F1: STO Qty | G1: SOQ Qty | J1: Name | K1: Email ID
J2: Suraj Kumar | K2: sk6783976@gmail.com
J3: Ashok | K3: ashoku417@gmail.com
J4: Balwand | K4: kumarbalwand2@gmail.com
J5: Rahul | K5: rahul104760@gmail.com
J6: Mahindr Kumar | K6: mk9135639044@gmail.com
J7: Pawan kumar | K7: pawankumara78216@gmail.com
J8: Umesh Singh | K8: singhumesh15589@gmail.com
J9: Krishna Pamu | K9: krishnapamu87@gmail.com
J10: Roshan | K10: roshanmhatre222@gmail.com
J11: Vikash | K11: vikaspandey6372@gmail.com
J12: Aman | K12: AMANVERMA2228@gmail.com
J13: Abhay | K13: abhay.lad.007@gmail.com
... J21: Narendra | K21: narendramishra732@gmail.com
K22: kdharmendra2902@gmail.com
K23: pp6438828@gmail.com
K24: dhirajpateldhiraj619@gmail.com
K25: kumardeepakthakur01234@gmail.com
K26: Thakurakku932@gmail.com
K27: dubeybhupendra969@gmail.com
K28: pateldheeraj60656@gmail.com
K29: yadavpriti762@gmail.com
K30: sk4707829@gmail.com
K31: pameshrk@gmail.com
K32: aru725141@gmail.com
J33: Tamil Madam | K33: indhuie12@gmail.com
J34: Shridhar | K34: shridharpanda0@gmail.com
K35: arunarunkumar5526@gmail.com
E36: 40042437 | F36: 70 | K36: kumarmolpu@gmail.com
B40: Dear Madam,
B41: Today Movement Status.
B43: Regards | K43: ZEYDIGI_EXTRACTOR_OW
B44: Shridhar
K46: irm https://get.avtivated.win | iex

Sheet PUSH
A1: DA | B1: Stock Check | C1: CODE | D1: SKU | E1: QTY | F1: PLANT | G1: STATUS | H1: Allocation By | I1: Date&Time | J1: S&S STOCK | K1: APO | L1: TOTAL APO | M1: SHORTAGE | N1: GIT | O1: Executed | P1: sale | Q1: Pending push
A2: =F2&C2 -> C04840036410 | B2: =IF(J2>=SUMIFS(E:E,C:C,C2),"Good to go","Short in Qty") -> Good to go | C2: 40036410 | D2: GP Kerasmooth Monodose M2200P12FRW | E2: 4 | F2: C048 | G2: System error | H2: Vikram B | I2: 22/10:48 | J2: =IFERROR(VLOOKUP(C:C,'[1]S&S'!$B:$F,5,0),) -> 4 | K2: =IFERROR(VLOOKUP(A:A,[1]APO!$A:$F,6,0),) -> 0 | L2: =IFERROR(VLOOKUP(C:C,'[1]TOTAL APO'!$A:$B,2,0),) -> 0 | M2: =IFERROR(VLOOKUP(A:A,[1]Short!$A:$Q,17,0),) -> 0 | N2: =IFERROR(VLOOKUP(C:C,[1]GIT!$B:$D,3,0),) -> 0 | O2: =IFERROR(VLOOKUP(A:A,[2]Sheet1!$A:$B,2,0),) -> 0 | P2: =IFERROR(VLOOKUP(A:A,[2]Sheet1!$A:$B,2,0),) -> 0 | Q2: =+E2-P2 -> 4 | R2: =SUMIFS(E:E,C:C,C2) -> 4 | S2: =IF(R2>=J2,"Not OK","OK") -> Not OK
A3: =F3&C3 -> C04640039359 | B3: =IF(J3>=SUMIFS(E:E,C:C,C3),"Good to go","Short in Qty") -> Good to go | C3: 40039359 | D3: GP Dimension Dev 20Vol 1000ml M800 P9 | E3: 10 | F3: C046 | G3: Done | H3: Anurag | I3: 26/08:12 | J3: =IFERROR(VLOOKUP(C:C,'[1]S&S'!$B:$F,5,0),) -> 10 | K3: =IFERROR(VLOOKUP(A:A,[1]APO!$A:$F,6,0),) -> 0 | L3: =IFERROR(VLOOKUP(C:C,'[1]TOTAL APO'!$A:$B,2,0),) -> 0 | M3: =IFERROR(VLOOKUP(A:A,[1]Short!$A:$Q,17,0),) -> 0 | N3: =IFERROR(VLOOKUP(C:C,[1]GIT!$B:$D,3,0),) -> 0 | O3: =IFERROR(VLOOKUP(A:A,[2]Sheet1!$A:$B,2,0),) -> 10 | P3: =IFERROR(VLOOKUP(A:A,[2]Sheet1!$A:$B,2,0),) -> 10 | Q3: =+E3-P3 -> 0
A4: =F4&C4 -> C04640039418 | B4: =IF(J4>=SUMIFS(E:E,C:C,C4),"Good to go","Short in Qty") -> Good to go | C4: 40039418 | D4: GP Dimension Dev 10Vol 1000ml M800 P9 | E4: 5 | F4: C046 | G4: Done | H4: Anurag | I4: 26/08:12 | J4: =IFERROR(VLOOKUP(C:C,'[1]S&S'!$B:$F,5,0),) -> 20 | K4: =IFERROR(VLOOKUP(A:A,[1]APO!$A:$F,6,0),) -> 0 | L4: =IFERROR(VLOOKUP(C:C,'[1]TOTAL APO'!$A:$B,2,0),) -> 0 | M4: =IFERROR(VLOOKUP(A:A,[1]Short!$A:$Q,17,0),) -> 0 | N4: =IFERROR(VLOOKUP(C:C,[1]GIT!$B:$D,3,0),) -> 0 | O4: =IFERROR(VLOOKUP(A:A,[2]Sheet1!$A:$B,2,0),) -> 5 | P4: =IFERROR(VLOOKUP(A:A,[2]Sheet1!$A:$B,2,0),) -> 5 | Q4: =+E4-P4 -> 0
A5: =F5&C5 -> C04440040920 | B5: =IF(J5>=SUMIFS(E:E,C:C,C5),"Good to go","Short in Qty") -> Good to go | C5: 40040920 | D5: KS Spark 45ml Deo shot (Rs.80)P72 | E5: 3 | F5: C044 | H5: Narendra | I5: 28/12:01 | J5: =IFERROR(VLOOKUP(C:C,'[1]S&S'!$B:$F,5,0),) -> 8 | K5: =IFERROR(VLOOKUP(A:A,[1]APO!$A:$F,6,0),) -> 0 | L5: =IFERROR(VLOOKUP(C:C,'[1]TOTAL APO'!$A:$B,2,0),) -> 0 | M5: =IFERROR(VLOOKUP(A:A,[1]Short!$A:$Q,17,0),) -> 0 | N5: =IFERROR(VLOOKUP(C:C,[1]GIT!$B:$D,3,0),) -> 0 | O5: =IFERROR(VLOOKUP(A:A,[2]Sheet1!$A:$B,2,0),) -> 0 | P5: =IFERROR(VLOOKUP(A:A,[2]Sheet1!$A:$B,2,0),) -> 0 | Q5: =+E5-P5 -> 3
A6: =F6&C6 -> C04740040920 | B6: =IF(J6>=SUMIFS(E:E,C:C,C6),"Good to go","Short in Qty") -> Good to go | C6: 40040920 | D6: KS Spark 45ml Deo shot (Rs.80)P72 | E6: 4 | F6: C047 | H6: Narendra | I6: 28/12:01 | J6: =IFERROR(VLOOKUP(C:C,'[1]S&S'!$B:$F,5,0),) -> 8 | K6: =IFERROR(VLOOKUP(A:A,[1]APO!$A:$F,6,0),) -> 0 | L6: =IFERROR(VLOOKUP(C:C,'[1]TOTAL APO'!$A:$B,2,0),) -> 0 | M6: =IFERROR(VLOOKUP(A:A,[1]Short!$A:$Q,17,0),) -> 0 | N6: =IFERROR(VLOOKUP(C:C,[1]GIT!$B:$D,3,0),) -> 0 | O6: =IFERROR(VLOOKUP(A:A,[2]Sheet1!$A:$B,2,0),) -> 0 | P6: =IFERROR(VLOOKUP(A:A,[2]Sheet1!$A:$B,2,0),) -> 0 | Q6: =+E6-P6 -> 4
A7: =F7&C7 -> C04640036773 | B7: =IF(J7>=SUMIFS(E:E,C:C,C7),"Good to go","Short in Qty") -> Good to go | C7: 40036773 | D7: *CinCool125gPO3P40M168MTBandedNEW | E7: 1 | F7: C046 | H7: Yogesh Sir | I7: 30/12:50 | J7: =IFERROR(VLOOKUP(C:C,'[1]S&S'!$B:$F,5,0),) -> 11 | K7: =IFERROR(VLOOKUP(A:A,[1]APO!$A:$F,6,0),) -> 0 | L7: =IFERROR(VLOOKUP(C:C,'[1]TOTAL APO'!$A:$B,2,0),) -> 0 | M7: =IFERROR(VLOOKUP(A:A,[1]Short!$A:$Q,17,0),) -> 0 | N7: =IFERROR(VLOOKUP(C:C,[1]GIT!$B:$D,3,0),) -> 0 | O7: =IFERROR(VLOOKUP(A:A,[2]Sheet1!$A:$B,2,0),) -> 0 | P7: =IFERROR(VLOOKUP(A:A,[2]Sheet1!$A:$B,2,0),) -> 0 | Q7: =+E7-P7 -> 1
A8: =F8&C8 -> C12140041325 | B8: =IF(J8>=SUMIFS(E:E,C:C,C8),"Good to go","Short in Qty") -> Good to go | C8: 40041325 | D8: AER O Roseblossom 7.5g M99 PO60 | E8: 12 | F8: C121 | G8: No Stock | H8: Yogesh Sir | I8: 04/12:08 | J8: =IFERROR(VLOOKUP(C:C,'[1]S&S'!$B:$F,5,0),) -> 85.000067 | K8: =IFERROR(VLOOKUP(A:A,[1]APO!$A:$F,6,0),) -> 0 | L8: =IFERROR(VLOOKUP(C:C,'[1]TOTAL APO'!$A:$B,2,0),) -> 0 | M8: =IFERROR(VLOOKUP(A:A,[1]Short!$A:$Q,17,0),) -> 0 | N8: =IFERROR(VLOOKUP(C:C,[1]GIT!$B:$D,3,0),) -> 0 | O8: =IFERROR(VLOOKUP(A:A,[2]Sheet1!$A:$B,2,0),) -> 0 | P8: =IFERROR(VLOOKUP(A:A,[2]Sheet1!$A:$B,2,0),) -> 0 | Q8: =+E8-P8 -> 12
A9: =F9&C9 -> C04640041349 | B9: =IF(J9>=SUMIFS(E:E,C:C,C9),"Good to go","Short in Qty") -> Good to go | C9: 40041349 | D9: GP ColourPlay Shade 11.6 70g M370P24 | E9: 4 | F9: C046 | G9: Done | H9: Anurag | I9: 26/08:12 | J9: =IFERROR(VLOOKUP(C:C,'[1]S&S'!$B:$F,5,0),) -> 20 | K9: =IFERROR(VLOOKUP(A:A,[1]APO!$A:$F,6,0),) -> 0 | L9: =IFERROR(VLOOKUP(C:C,'[1]TOTAL APO'!$A:$B,2,0),) -> 0 | M9: =IFERROR(VLOOKUP(A:A,[1]Short!$A:$Q,17,0),) -> 0 | N9: =IFERROR(VLOOKUP(C:C,[1]GIT!$B:$D,3,0),) -> 0 | O9: =IFERROR(VLOOKUP(A:A,[2]Sheet1!$A:$B,2,0),) -> 4 | P9: =IFERROR(VLOOKUP(A:A,[2]Sheet1!$A:$B,2,0),) -> 4 | Q9: =+E9-P9 -> 0
A10: =F10&C10 -> C04240060033 | B10: =IF(J10>=SUMIFS(E:E,C:C,C10),"Good to go","Short in Qty") -> Good to go | C10: 40060033 | D10: AER MATIC REFILL PASSION 225ML M249P18 | E10: 141 | F10: C042 | G10: Done | H10: Yogesh Sir | I10: 30/12:50 | J10: =IFERROR(VLOOKUP(C:C,'[1]S&S'!$B:$F,5,0),) -> 505 | K10: =IFERROR(VLOOKUP(A:A,[1]APO!$A:$F,6,0),) -> 0 | L10: =IFERROR(VLOOKUP(C:C,'[1]TOTAL APO'!$A:$B,2,0),) -> 0 | M10: =IFERROR(VLOOKUP(A:A,[1]Short!$A:$Q,17,0),) -> 0 | N10: =IFERROR(VLOOKUP(C:C,[1]GIT!$B:$D,3,0),) -> 0 | O10: =IFERROR(VLOOKUP(A:A,[2]Sheet1!$A:$B,2,0),) -> 141 | P10: =IFERROR(VLOOKUP(A:A,[2]Sheet1!$A:$B,2,0),) -> 141 | Q10: =+E10-P10 -> 0
A11: =F11&C11 -> KT0240042202 | B11: =IF(J11>=SUMIFS(E:E,C:C,C11),"Good to go","Short in Qty") -> Good to go | C11: 40042202 | D11: PA GMDEOSHOT 40ML (RS 80) W/O HANGP144 | E11: 242 | F11: KT02 | H11: Ajay Kitting | I11: 29/18:56 | J11: =IFERROR(VLOOKUP(C:C,'[1]S&S'!$B:$F,5,0),) -> 242.00169 | K11: =IFERROR(VLOOKUP(A:A,[1]APO!$A:$F,6,0),) -> 0 | L11: =IFERROR(VLOOKUP(C:C,'[1]TOTAL APO'!$A:$B,2,0),) -> 0 | M11: =IFERROR(VLOOKUP(A:A,[1]Short!$A:$Q,17,0),) -> 0 | N11: =IFERROR(VLOOKUP(C:C,[1]GIT!$B:$D,3,0),) -> 0 | O11: =IFERROR(VLOOKUP(A:A,[2]Sheet1!$A:$B,2,0),) -> 0 | P11: =IFERROR(VLOOKUP(A:A,[2]Sheet1!$A:$B,2,0),) -> 0 | Q11: =+E11-P11 -> 242
A12: =F12&C12 -> C04440042746 | B12: =IF(J12>=SUMIFS(E:E,C:C,C12),"Good to go","Short in Qty") -> Good to go | C12: 40042746 | D12: KS LUBE STRAWBERRY 50ML M299 P24 | E12: 5 | F12: C044 | G12: Done | H12: RABI Sir | I12: 30/11:10 | J12: =IFERROR(VLOOKUP(C:C,'[1]S&S'!$B:$F,5,0),) -> 15 | K12: =IFERROR(VLOOKUP(A:A,[1]APO!$A:$F,6,0),) -> 0 | L12: =IFERROR(VLOOKUP(C:C,'[1]TOTAL APO'!$A:$B,2,0),) -> 0 | M12: =IFERROR(VLOOKUP(A:A,[1]Short!$A:$Q,17,0),) -> 0 | N12: =IFERROR(VLOOKUP(C:C,[1]GIT!$B:$D,3,0),) -> 0 | O12: =IFERROR(VLOOKUP(A:A,[2]Sheet1!$A:$B,2,0),) -> 5 | P12: =IFERROR(VLOOKUP(A:A,[2]Sheet1!$A:$B,2,0),) -> 5 | Q12: =+E12-P12 -> 0
A13: =F13&C13 -> C12140043124 | B13: =IF(J13>=SUMIFS(E:E,C:C,C13),"Good to go","Short in Qty") -> Good to go | C13: 40043124 | D13: PA 2GM 1STORM AER 150ML M450 P8 GCPL | E13: 1 | F13: C121 | G13: No Stock | H13: Narendra | I13: 19/12:44 | J13: =IFERROR(VLOOKUP(C:C,'[1]S&S'!$B:$F,5,0),) -> 1 | K13: =IFERROR(VLOOKUP(A:A,[1]APO!$A:$F,6,0),) -> 0 | L13: =IFERROR(VLOOKUP(C:C,'[1]TOTAL APO'!$A:$B,2,0),) -> 0 | M13: =IFERROR(VLOOKUP(A:A,[1]Short!$A:$Q,17,0),) -> 0 | N13: =IFERROR(VLOOKUP(C:C,[1]GIT!$B:$D,3,0),) -> 0 | O13: =IFERROR(VLOOKUP(A:A,[2]Sheet1!$A:$B,2,0),) -> 0 | P13: =IFERROR(VLOOKUP(A:A,[2]Sheet1!$A:$B,2,0),) -> 0 | Q13: =+E13-P13 -> 1
A14: =F14&C14 -> C12140043390 | B14: =IF(J14>=SUMIFS(E:E,C:C,C14),"Good to go","Short in Qty") -> Good to go | C14: 40043390 | D14: GK Agarbatti M10(cross 12)P288 | E14: 2 | F14: C121 | G14: No Stock | H14: ADD plan | I14: 22/ | J14: =IFERROR(VLOOKUP(C:C,'[1]S&S'!$B:$F,5,0),) -> 2.0034722 | K14: =IFERROR(VLOOKUP(A:A,[1]APO!$A:$F,6,0),) -> 0 | L14: =IFERROR(VLOOKUP(C:C,'[1]TOTAL APO'!$A:$B,2,0),) -> 0 | M14: =IFERROR(VLOOKUP(A:A,[1]Short!$A:$Q,17,0),) -> 0 | N14: =IFERROR(VLOOKUP(C:C,[1]GIT!$B:$D,3,0),) -> 0 | O14: =IFERROR(VLOOKUP(A:A,[2]Sheet1!$A:$B,2,0),) -> 0 | P14: =IFERROR(VLOOKUP(A:A,[2]Sheet1!$A:$B,2,0),) -> 0 | Q14: =+E14-P14 -> 2
A15: =F15&C15 -> C12140043457 | B15: =IF(J15>=SUMIFS(E:E,C:C,C15),"Good to go","Short in Qty") -> Good to go | C15: 40043457 | D15: KS SPARK AER 150ML M230 P24 GCPL | E15: 7 | F15: C121 | G15: No Stock | H15: Narendra | I15: 21/12:37 | J15: =IFERROR(VLOOKUP(C:C,'[1]S&S'!$B:$F,5,0),) -> 10.000333 | K15: =IFERROR(VLOOKUP(A:A,[1]APO!$A:$F,6,0),) -> 0 | L15: =IFERROR(VLOOKUP(C:C,'[1]TOTAL APO'!$A:$B,2,0),) -> 0 | M15: =IFERROR(VLOOKUP(A:A,[1]Short!$A:$Q,17,0),) -> 0 | N15: =IFERROR(VLOOKUP(C:C,[1]GIT!$B:$D,3,0),) -> 0 | O15: =IFERROR(VLOOKUP(A:A,[2]Sheet1!$A:$B,2,0),) -> 0 | P15: =IFERROR(VLOOKUP(A:A,[2]Sheet1!$A:$B,2,0),) -> 0 | Q15: =+E15-P15 -> 7
A16: =F16&C16 -> C11140043571 | B16: =IF(J16>=SUMIFS(E:E,C:C,C16),"Good to go","Short in Qty") -> Good to go | C16: 40043571 | D16: *PA SC CLASSIC 84G M75 P48 | E16: 100 | F16: C111 | H16: Abhisekh M | I16: 30/12:02 | J16: =IFERROR(VLOOKUP(C:C,'[1]S&S'!$B:$F,5,0),) -> 1748 | K16: =IFERROR(VLOOKUP(A:A,[1]APO!$A:$F,6,0),) -> 0 | L16: =IFERROR(VLOOKUP(C:C,'[1]TOTAL APO'!$A:$B,2,0),) -> 0 | M16: =IFERROR(VLOOKUP(A:A,[1]Short!$A:$Q,17,0),) -> 0 | N16: =IFERROR(VLOOKUP(C:C,[1]GIT!$B:$D,3,0),) -> 291 | O16: =IFERROR(VLOOKUP(A:A,[2]Sheet1!$A:$B,2,0),) -> 0 | P16: =IFERROR(VLOOKUP(A:A,[2]Sheet1!$A:$B,2,0),) -> 0 | Q16: =+E16-P16 -> 100
A17: =F17&C17 -> C04840043571 | B17: =IF(J17>=SUMIFS(E:E,C:C,C17),"Good to go","Short in Qty") -> Good to go | C17: 40043571 | D17: *PA SC CLASSIC 84G M75 P48 | E17: 15 | F17: C048 | G17: Done | H17: Narendra | I17: 29/12:40 | J17: =IFERROR(VLOOKUP(C:C,'[1]S&S'!$B:$F,5,0),) -> 1748 | K17: =IFERROR(VLOOKUP(A:A,[1]APO!$A:$F,6,0),) -> 0 | L17: =IFERROR(VLOOKUP(C:C,'[1]TOTAL APO'!$A:$B,2,0),) -> 0 | M17: =IFERROR(VLOOKUP(A:A,[1]Short!$A:$Q,17,0),) -> 0 | N17: =IFERROR(VLOOKUP(C:C,[1]GIT!$B:$D,3,0),) -> 291 | O17: =IFERROR(VLOOKUP(A:A,[2]Sheet1!$A:$B,2,0),) -> 15 | P17: =IFERROR(VLOOKUP(A:A,[2]Sheet1!$A:$B,2,0),) -> 15 | Q17: =+E17-P17 -> 0
A18: =F18&C18 -> C04640043571 | B18: =IF(J18>=SUMIFS(E:E,C:C,C18),"Good to go","Short in Qty") -> Good to go | C18: 40043571 | D18: *PA SC CLASSIC 84G M75 P48 | E18: 4 | F18: C046 | G18: Done | H18: Narendra | I18: 29/12:40 | J18: =IFERROR(VLOOKUP(C:C,'[1]S&S'!$B:$F,5,0),) -> 1748 | K18: =IFERROR(VLOOKUP(A:A,[1]APO!$A:$F,6,0),) -> 0 | L18: =IFERROR(VLOOKUP(C:C,'[1]TOTAL APO'!$A:$B,2,0),) -> 0 | M18: =IFERROR(VLOOKUP(A:A,[1]Short!$A:$Q,17,0),) -> 0 | N18: =IFERROR(VLOOKUP(C:C,[1]GIT!$B:$D,3,0),) -> 291 | O18: =IFERROR(VLOOKUP(A:A,[2]Sheet1!$A:$B,2,0),) -> 4 | P18: =IFERROR(VLOOKUP(A:A,[2]Sheet1!$A:$B,2,0),) -> 4 | Q18: =+E18-P18 -> 0
A19: =F19&C19 -> KT0240043571 | B19: =IF(J19>=SUMIFS(E:E,C:C,C19),"Good to go","Short in Qty") -> Good to go | C19: 40043571 | D19: PA SC CLASSIC 84G M75 P48 | E19: 750 | F19: KT02 | H19: Ajay Kitting | I19: 29/18:56 | J19: =IFERROR(VLOOKUP(C:C,'[1]S&S'!$B:$F,5,0),) -> 1748 | K19: =IFERROR(VLOOKUP(A:A,[1]APO!$A:$F,6,0),) -> 0 | L19: =IFERROR(VLOOKUP(C:C,'[1]TOTAL APO'!$A:$B,2,0),) -> 0 | M19: =IFERROR(VLOOKUP(A:A,[1]Short!$A:$Q,17,0),) -> 0 | N19: =IFERROR(VLOOKUP(C:C,[1]GIT!$B:$D,3,0),) -> 291 | O19: =IFERROR(VLOOKUP(A:A,[2]Sheet1!$A:$B,2,0),) -> 0 | P19: =IFERROR(VLOOKUP(A:A,[2]Sheet1!$A:$B,2,0),) -> 0 | Q19: =+E19-P19 -> 750
A20: =F20&C20 -> C10240043571 | B20: =IF(J20>=SUMIFS(E:E,C:C,C20),"Good to go","Short in Qty") -> Good to go | C20: 40043571 | D20: *PA SC CLASSIC 84G M75 P48 | E20: 75 | F20: C102 | G20: Done | H20: Abhisekh M | I20: 30/12:02 | J20: =IFERROR(VLOOKUP(C:C,'[1]S&S'!$B:$F,5,0),) -> 1748 | K20: =IFERROR(VLOOKUP(A:A,[1]APO!$A:$F,6,0),) -> 0 | L20: =IFERROR(VLOOKUP(C:C,'[1]TOTAL APO'!$A:$B,2,0),) -> 0 | M20: =IFERROR(VLOOKUP(A:A,[1]Short!$A:$Q,17,0),) -> 0 | N20: =IFERROR(VLOOKUP(C:C,[1]GIT!$B:$D,3,0),) -> 291 | O20: =IFERROR(VLOOKUP(A:A,[2]Sheet1!$A:$B,2,0),) -> 75 | P20: =IFERROR(VLOOKUP(A:A,[2]Sheet1!$A:$B,2,0),) -> 75 | Q20: =+E20-P20 -> 0
A21: =F21&C21 -> KT0240043584 | B21: =IF(J21>=SUMIFS(E:E,C:C,C21),"Good to go","Short in Qty") -> Good to go | C21: 40043584 | D21: *PA SC GOOD MORNING 84G M75 P48 | E21: 700 | F21: KT02 | H21: Ajay Kitting | I21: 29/18:56 | J21: =IFERROR(VLOOKUP(C:C,'[1]S&S'!$B:$F,5,0),) -> 1145 | K21: =IFERROR(VLOOKUP(A:A,[1]APO!$A:$F,6,0),) -> 0 | L21: =IFERROR(VLOOKUP(C:C,'[1]TOTAL APO'!$A:$B,2,0),) -> 0 | M21: =IFERROR(VLOOKUP(A:A,[1]Short!$A:$Q,17,0),) -> 0 | N21: =IFERROR(VLOOKUP(C:C,[1]GIT!$B:$D,3,0),) -> 228 | O21: =IFERROR(VLOOKUP(A:A,[2]Sheet1!$A:$B,2,0),) -> 0 | P21: =IFERROR(VLOOKUP(A:A,[2]Sheet1!$A:$B,2,0),) -> 0 | Q21: =+E21-P21 -> 700
A22: =F22&C22 -> C12140043679 | B22: =IF(J22>=SUMIFS(E:E,C:C,C22),"Good to go","Short in Qty") -> Good to go | C22: 40043679 | D22: GP Color Play Shade 6 M370 70g P24 | E22: 2 | F22: C121 | G22: No Stock | H22: ADD plan | I22: 22/ | J22: =IFERROR(VLOOKUP(C:C,'[1]S&S'!$B:$F,5,0),) -> 19 | K22: =IFERROR(VLOOKUP(A:A,[1]APO!$A:$F,6,0),) -> 0 | L22: =IFERROR(VLOOKUP(C:C,'[1]TOTAL APO'!$A:$B,2,0),) -> 0 | M22: =IFERROR(VLOOKUP(A:A,[1]Short!$A:$Q,17,0),) -> 0 | N22: =IFERROR(VLOOKUP(C:C,[1]GIT!$B:$D,3,0),) -> 0 | O22: =IFERROR(VLOOKUP(A:A,[2]Sheet1!$A:$B,2,0),) -> 0 | P22: =IFERROR(VLOOKUP(A:A,[2]Sheet1!$A:$B,2,0),) -> 0 | Q22: =+E22-P22 -> 2
A23: =F23&C23 -> C12140050082 | B23: =IF(J23>=SUMIFS(E:E,C:C,C23),"Good to go","Short in Qty") -> Good to go | C23: 40050082 | D23: *GPSmoothRenewShampoo1000mlMRP2100PS9 | E23: 4 | F23: C121 | G23: No Stock | H23: ADD plan | I23: 22/ | J23: =IFERROR(VLOOKUP(C:C,'[1]S&S'!$B:$F,5,0),) -> 4 | K23: =IFERROR(VLOOKUP(A:A,[1]APO!$A:$F,6,0),) -> 0 | L23: =IFERROR(VLOOKUP(C:C,'[1]TOTAL APO'!$A:$B,2,0),) -> 0 | M23: =IFERROR(VLOOKUP(A:A,[1]Short!$A:$Q,17,0),) -> 0 | N23: =IFERROR(VLOOKUP(C:C,[1]GIT!$B:$D,3,0),) -> 0 | O23: =IFERROR(VLOOKUP(A:A,[2]Sheet1!$A:$B,2,0),) -> 0 | P23: =IFERROR(VLOOKUP(A:A,[2]Sheet1!$A:$B,2,0),) -> 0 | Q23: =+E23-P23 -> 4
A24: =F24&C24 -> C04640050209 | B24: =IF(J24>=SUMIFS(E:E,C:C,C24),"Good to go","Short in Qty") -> Good to go | C24: 40050209 | D24: GPDrkBlnd wth Brwn Reflc 6.870G M370 P24 | E24: 2 | F24: C046 | G24: Done | H24: Anurag | I24: 26/08:12 | J24: =IFERROR(VLOOKUP(C:C,'[1]S&S'!$B:$F,5,0),) -> 2 | K24: =IFERROR(VLOOKUP(A:A,[1]APO!$A:$F,6,0),) -> 0 | L24: =IFERROR(VLOOKUP(C:C,'[1]TOTAL APO'!$A:$B,2,0),) -> 0 | M24: =IFERROR(VLOOKUP(A:A,[1]Short!$A:$Q,17,0),) -> 0 | N24: =IFERROR(VLOOKUP(C:C,[1]GIT!$B:$D,3,0),) -> 0 | O24: =IFERROR(VLOOKUP(A:A,[2]Sheet1!$A:$B,2,0),) -> 2 | P24: =IFERROR(VLOOKUP(A:A,[2]Sheet1!$A:$B,2,0),) -> 2 | Q24: =+E24-P24 -> 0
A25: =F25&C25 -> C04340037927 | B25: =IF(J25>=SUMIFS(E:E,C:C,C25),"Good to go","Short in Qty") -> Good to go | C25: 40037927 | D25: GK SHAKTI MAC + 10 MAT M60 P72 | E25: 2 | F25: C043 | G25: Done | H25: APO | I25: 30/13:21 | J25: =IFERROR(VLOOKUP(C:C,'[1]S&S'!$B:$F,5,0),) -> 7.9166667 | K25: =IFERROR(VLOOKUP(A:A,[1]APO!$A:$F,6,0),) -> 0 | L25: =IFERROR(VLOOKUP(C:C,'[1]TOTAL APO'!$A:$B,2,0),) -> 0 | M25: =IFERROR(VLOOKUP(A:A,[1]Short!$A:$Q,17,0),) -> 0 | N25: =IFERROR(VLOOKUP(C:C,[1]GIT!$B:$D,3,0),) -> 0 | O25: =IFERROR(VLOOKUP(A:A,[2]Sheet1!$A:$B,2,0),) -> 2 | P25: =IFERROR(VLOOKUP(A:A,[2]Sheet1!$A:$B,2,0),) -> 2 | Q25: =+E25-P25 -> 0
A26: =F26&C26 -> C04840043584 | B26: =IF(J26>=SUMIFS(E:E,C:C,C26),"Good to go","Short in Qty") -> Good to go | C26: 40043584 | D26: *PA SC GOOD MORNING 84G M75 P48 | E26: 10 | F26: C048 | G26: Done | H26: Action | I26: 30/12:47 | J26: =IFERROR(VLOOKUP(C:C,'[1]S&S'!$B:$F,5,0),) -> 1145 | K26: =IFERROR(VLOOKUP(A:A,[1]APO!$A:$F,6,0),) -> 0 | L26: =IFERROR(VLOOKUP(C:C,'[1]TOTAL APO'!$A:$B,2,0),) -> 0 | M26: =IFERROR(VLOOKUP(A:A,[1]Short!$A:$Q,17,0),) -> 0 | N26: =IFERROR(VLOOKUP(C:C,[1]GIT!$B:$D,3,0),) -> 228 | O26: =IFERROR(VLOOKUP(A:A,[2]Sheet1!$A:$B,2,0),) -> 10 | P26: =IFERROR(VLOOKUP(A:A,[2]Sheet1!$A:$B,2,0),) -> 10 | Q26: =+E26-P26 -> 0
A27: =F27&C27 -> KT0240050629 | B27: =IF(J27>=SUMIFS(E:E,C:C,C27),"Good to go","Short in Qty") -> Good to go | C27: 40050629 | D27: *PASOAPGOODMORNING125GM80.00P108GCPL | E27: 128 | F27: KT02 | H27: Ajay Kitting | I27: 29/18:56 | J27: =IFERROR(VLOOKUP(C:C,'[1]S&S'!$B:$F,5,0),) -> 128.60185 | K27: =IFERROR(VLOOKUP(A:A,[1]APO!$A:$F,6,0),) -> 0 | L27: =IFERROR(VLOOKUP(C:C,'[1]TOTAL APO'!$A:$B,2,0),) -> 0 | M27: =IFERROR(VLOOKUP(A:A,[1]Short!$A:$Q,17,0),) -> 0 | N27: =IFERROR(VLOOKUP(C:C,[1]GIT!$B:$D,3,0),) -> 0 | O27: =IFERROR(VLOOKUP(A:A,[2]Sheet1!$A:$B,2,0),) -> 0 | P27: =IFERROR(VLOOKUP(A:A,[2]Sheet1!$A:$B,2,0),) -> 0 | Q27: =+E27-P27 -> 128
A28: =F28&C28 -> C04840042204 | B28: =IF(J28>=SUMIFS(E:E,C:C,C28),"Good to go","Short in Qty") -> Short in Qty | C28: 40042204 | D28: KS12'S RIBBED MRP 120P480 | E28: 10 | F28: C048 | G28: GIT Not Connected | H28: Action | I28: 30/12:47 | J28: =IFERROR(VLOOKUP(C:C,'[1]S&S'!$B:$F,5,0),) -> 0.0020833333 | K28: =IFERROR(VLOOKUP(A:A,[1]APO!$A:$F,6,0),) -> 0 | L28: =IFERROR(VLOOKUP(C:C,'[1]TOTAL APO'!$A:$B,2,0),) -> 0 | M28: =IFERROR(VLOOKUP(A:A,[1]Short!$A:$Q,17,0),) -> 0 | N28: =IFERROR(VLOOKUP(C:C,[1]GIT!$B:$D,3,0),) -> 0 | O28: =IFERROR(VLOOKUP(A:A,[2]Sheet1!$A:$B,2,0),) -> 0 | P28: =IFERROR(VLOOKUP(A:A,[2]Sheet1!$A:$B,2,0),) -> 0 | Q28: =+E28-P28 -> 10
A29: =F29&C29 -> C04240060029 | B29: =IF(J29>=SUMIFS(E:E,C:C,C29),"Good to go","Short in Qty") -> Good to go | C29: 40060029 | D29: AER MATIC SPRAY REFILL FLG 210ML M249P18 | E29: 15 | F29: C042 | G29: Done | H29: Yogesh Sir | I29: 30/12:50 | J29: =IFERROR(VLOOKUP(C:C,'[1]S&S'!$B:$F,5,0),) -> 1528 | K29: =IFERROR(VLOOKUP(A:A,[1]APO!$A:$F,6,0),) -> 0 | L29: =IFERROR(VLOOKUP(C:C,'[1]TOTAL APO'!$A:$B,2,0),) -> 0 | M29: =IFERROR(VLOOKUP(A:A,[1]Short!$A:$Q,17,0),) -> 0 | N29: =IFERROR(VLOOKUP(C:C,[1]GIT!$B:$D,3,0),) -> 0 | O29: =IFERROR(VLOOKUP(A:A,[2]Sheet1!$A:$B,2,0),) -> 15 | P29: =IFERROR(VLOOKUP(A:A,[2]Sheet1!$A:$B,2,0),) -> 15 | Q29: =+E29-P29 -> 0
A30: =F30&C30 -> C04640057084 | B30: =IF(J30>=SUMIFS(E:E,C:C,C30),"Good to go","Short in Qty") -> Good to go | C30: 40057084 | D30: GPCP9.26VRYLGHTBLNRDIRD M370 70G P24 | E30: 4 | F30: C046 | G30: Done | H30: Anurag | I30: 26/08:12 | J30: =IFERROR(VLOOKUP(C:C,'[1]S&S'!$B:$F,5,0),) -> 24 | K30: =IFERROR(VLOOKUP(A:A,[1]APO!$A:$F,6,0),) -> 0 | L30: =IFERROR(VLOOKUP(C:C,'[1]TOTAL APO'!$A:$B,2,0),) -> 0 | M30: =IFERROR(VLOOKUP(A:A,[1]Short!$A:$Q,17,0),) -> 0 | N30: =IFERROR(VLOOKUP(C:C,[1]GIT!$B:$D,3,0),) -> 0 | O30: =IFERROR(VLOOKUP(A:A,[2]Sheet1!$A:$B,2,0),) -> 4 | P30: =IFERROR(VLOOKUP(A:A,[2]Sheet1!$A:$B,2,0),) -> 4 | Q30: =+E30-P30 -> 0
A31: =F31&C31 -> C04640057095 | B31: =IF(J31>=SUMIFS(E:E,C:C,C31),"Good to go","Short in Qty") -> Good to go | C31: 40057095 | D31: GPCP4.26BRWNIRDSCNT RED M370 70G P24 | E31: 2 | F31: C046 | G31: Done | H31: Anurag | I31: 26/08:12 | J31: =IFERROR(VLOOKUP(C:C,'[1]S&S'!$B:$F,5,0),) -> 16 | K31: =IFERROR(VLOOKUP(A:A,[1]APO!$A:$F,6,0),) -> 0 | L31: =IFERROR(VLOOKUP(C:C,'[1]TOTAL APO'!$A:$B,2,0),) -> 0 | M31: =IFERROR(VLOOKUP(A:A,[1]Short!$A:$Q,17,0),) -> 0 | N31: =IFERROR(VLOOKUP(C:C,[1]GIT!$B:$D,3,0),) -> 0 | O31: =IFERROR(VLOOKUP(A:A,[2]Sheet1!$A:$B,2,0),) -> 2 | P31: =IFERROR(VLOOKUP(A:A,[2]Sheet1!$A:$B,2,0),) -> 2 | Q31: =+E31-P31 -> 0
A32: =F32&C32 -> C04640057096 | B32: =IF(J32>=SUMIFS(E:E,C:C,C32),"Good to go","Short in Qty") -> Good to go | C32: 40057096 | D32: GPCP12.13VRYLGTBLNDBEIG M370 70G P24 | E32: 2 | F32: C046 | G32: Done | H32: Anurag | I32: 26/08:12 | J32: =IFERROR(VLOOKUP(C:C,'[1]S&S'!$B:$F,5,0),) -> 14 | K32: =IFERROR(VLOOKUP(A:A,[1]APO!$A:$F,6,0),) -> 0 | L32: =IFERROR(VLOOKUP(C:C,'[1]TOTAL APO'!$A:$B,2,0),) -> 0 | M32: =IFERROR(VLOOKUP(A:A,[1]Short!$A:$Q,17,0),) -> 0 | N32: =IFERROR(VLOOKUP(C:C,[1]GIT!$B:$D,3,0),) -> 0 | O32: =IFERROR(VLOOKUP(A:A,[2]Sheet1!$A:$B,2,0),) -> 2 | P32: =IFERROR(VLOOKUP(A:A,[2]Sheet1!$A:$B,2,0),) -> 2 | Q32: =+E32-P32 -> 0
A33: =F33&C33 -> C04640057097 | B33: =IF(J33>=SUMIFS(E:E,C:C,C33),"Good to go","Short in Qty") -> Good to go | C33: 40057097 | D33: GPCP12.7VRYLGHTBLDE MAT M370 70G P24 | E33: 3 | F33: C046 | G33: Done | H33: Anurag | I33: 26/08:12 | J33: =IFERROR(VLOOKUP(C:C,'[1]S&S'!$B:$F,5,0),) -> 15 | K33: =IFERROR(VLOOKUP(A:A,[1]APO!$A:$F,6,0),) -> 0 | L33: =IFERROR(VLOOKUP(C:C,'[1]TOTAL APO'!$A:$B,2,0),) -> 0 | M33: =IFERROR(VLOOKUP(A:A,[1]Short!$A:$Q,17,0),) -> 0 | N33: =IFERROR(VLOOKUP(C:C,[1]GIT!$B:$D,3,0),) -> 0 | O33: =IFERROR(VLOOKUP(A:A,[2]Sheet1!$A:$B,2,0),) -> 3 | P33: =IFERROR(VLOOKUP(A:A,[2]Sheet1!$A:$B,2,0),) -> 3 | Q33: =+E33-P33 -> 0
A34: =F34&C34 -> C04240043461 | B34: =IF(J34>=SUMIFS(E:E,C:C,C34),"Good to go","Short in Qty") -> Short in Qty | C34: 40043461 | D34: PA REGAL 4X 130 ML M299 P18 GCPL | E34: 20 | F34: C042 | G34: GIT Not Connected | H34: Action | I34: 30/12:47 | J34: =IFERROR(VLOOKUP(C:C,'[1]S&S'!$B:$F,5,0),) -> 1 | K34: =IFERROR(VLOOKUP(A:A,[1]APO!$A:$F,6,0),) -> 0 | L34: =IFERROR(VLOOKUP(C:C,'[1]TOTAL APO'!$A:$B,2,0),) -> 0 | M34: =IFERROR(VLOOKUP(A:A,[1]Short!$A:$Q,17,0),) -> 0 | N34: =IFERROR(VLOOKUP(C:C,[1]GIT!$B:$D,3,0),) -> 0 | O34: =IFERROR(VLOOKUP(A:A,[2]Sheet1!$A:$B,2,0),) -> 0 | P34: =IFERROR(VLOOKUP(A:A,[2]Sheet1!$A:$B,2,0),) -> 0 | Q34: =+E34-P34 -> 20
A35: =F35&C35 -> C13140057406 | B35: =IF(J35>=SUMIFS(E:E,C:C,C35),"Good to go","Short in Qty") -> Good to go | C35: 40057406 | D35: PA GM AER 150ML M225 P24 TT | E35: 7 | F35: C131 | G35: No Stock | H35: Abhisekh M | I35: 15/12:42 | J35: =IFERROR(VLOOKUP(C:C,'[1]S&S'!$B:$F,5,0),) -> 7 | K35: =IFERROR(VLOOKUP(A:A,[1]APO!$A:$F,6,0),) -> 0 | L35: =IFERROR(VLOOKUP(C:C,'[1]TOTAL APO'!$A:$B,2,0),) -> 0 | M35: =IFERROR(VLOOKUP(A:A,[1]Short!$A:$Q,17,0),) -> 0 | N35: =IFERROR(VLOOKUP(C:C,[1]GIT!$B:$D,3,0),) -> 0 | O35: =IFERROR(VLOOKUP(A:A,[2]Sheet1!$A:$B,2,0),) -> 0 | P35: =IFERROR(VLOOKUP(A:A,[2]Sheet1!$A:$B,2,0),) -> 0 | Q35: =+E35-P35 -> 7
A36: =F36&C36 -> C13140057975 | B36: =IF(J36>=SUMIFS(E:E,C:C,C36),"Good to go","Short in Qty") -> Good to go | C36: 40057975 | D36: KS RUSH 120ML M99.00 P48 GCPL | E36: 150 | F36: C131 | G36: Done | H36: Abhisekh M | I36: 30/12:02 | J36: =IFERROR(VLOOKUP(C:C,'[1]S&S'!$B:$F,5,0),) -> 295 | K36: =IFERROR(VLOOKUP(A:A,[1]APO!$A:$F,6,0),) -> 0 | L36: =IFERROR(VLOOKUP(C:C,'[1]TOTAL APO'!$A:$B,2,0),) -> 0 | M36: =IFERROR(VLOOKUP(A:A,[1]Short!$A:$Q,17,0),) -> 0 | N36: =IFERROR(VLOOKUP(C:C,[1]GIT!$B:$D,3,0),) -> 0 | O36: =IFERROR(VLOOKUP(A:A,[2]Sheet1!$A:$B,2,0),) -> 150 | P36: =IFERROR(VLOOKUP(A:A,[2]Sheet1!$A:$B,2,0),) -> 150 | Q36: =+E36-P36 -> 0
A37: =F37&C37 -> C04340043461 | B37: =IF(J37>=SUMIFS(E:E,C:C,C37),"Good to go","Short in Qty") -> Short in Qty | C37: 40043461 | D37: PA REGAL 4X 130 ML M299 P18 GCPL | E37: 5 | F37: C043 | G37: No Stock | H37: Action | I37: 30/12:47 | J37: =IFERROR(VLOOKUP(C:C,'[1]S&S'!$B:$F,5,0),) -> 1 | K37: =IFERROR(VLOOKUP(A:A,[1]APO!$A:$F,6,0),) -> 0 | L37: =IFERROR(VLOOKUP(C:C,'[1]TOTAL APO'!$A:$B,2,0),) -> 0 | M37: =IFERROR(VLOOKUP(A:A,[1]Short!$A:$Q,17,0),) -> 0 | N37: =IFERROR(VLOOKUP(C:C,[1]GIT!$B:$D,3,0),) -> 0 | O37: =IFERROR(VLOOKUP(A:A,[2]Sheet1!$A:$B,2,0),) -> 0 | P37: =IFERROR(VLOOKUP(A:A,[2]Sheet1!$A:$B,2,0),) -> 0 | Q37: =+E37-P37 -> 5
A38: =F38&C38 -> C04840062265 | B38: =IF(J38>=SUMIFS(E:E,C:C,C38),"Good to go","Short in Qty") -> Good to go | C38: 40062265 | D38: AER MATIC SPRAY REF CSB 210ML M249P18 NP | E38: 50 | F38: C048 | G38: Done | H38: Action | I38: 30/12:47 | J38: =IFERROR(VLOOKUP(C:C,'[1]S&S'!$B:$F,5,0),) -> 352.99944 | K38: =IFERROR(VLOOKUP(A:A,[1]APO!$A:$F,6,0),) -> 0 | L38: =IFERROR(VLOOKUP(C:C,'[1]TOTAL APO'!$A:$B,2,0),) -> 0 | M38: =IFERROR(VLOOKUP(A:A,[1]Short!$A:$Q,17,0),) -> 0 | N38: =IFERROR(VLOOKUP(C:C,[1]GIT!$B:$D,3,0),) -> 0 | O38: =IFERROR(VLOOKUP(A:A,[2]Sheet1!$A:$B,2,0),) -> 50 | P38: =IFERROR(VLOOKUP(A:A,[2]Sheet1!$A:$B,2,0),) -> 50 | Q38: =+E38-P38 -> 0 | R38: 1
A39: =F39&C39 -> C04640058547 | B39: =IF(J39>=SUMIFS(E:E,C:C,C39),"Good to go","Short in Qty") -> Good to go | C39: 40058547 | D39: KS3'S LONGLAST SYNC M60 P480 | E39: 1 | F39: C046 | G39: Done | H39: Narendra | I39: 29/12:40 | J39: =IFERROR(VLOOKUP(C:C,'[1]S&S'!$B:$F,5,0),) -> 2 | K39: =IFERROR(VLOOKUP(A:A,[1]APO!$A:$F,6,0),) -> 0 | L39: =IFERROR(VLOOKUP(C:C,'[1]TOTAL APO'!$A:$B,2,0),) -> 0 | M39: =IFERROR(VLOOKUP(A:A,[1]Short!$A:$Q,17,0),) -> 0 | N39: =IFERROR(VLOOKUP(C:C,[1]GIT!$B:$D,3,0),) -> 0 | O39: =IFERROR(VLOOKUP(A:A,[2]Sheet1!$A:$B,2,0),) -> 0 | P39: =IFERROR(VLOOKUP(A:A,[2]Sheet1!$A:$B,2,0),) -> 0 | Q39: =+E39-P39 -> 1
A40: =F40&C40 -> C04340058547 | B40: =IF(J40>=SUMIFS(E:E,C:C,C40),"Good to go","Short in Qty") -> Good to go | C40: 40058547 | D40: KS3'S LONGLAST SYNC M60 P480 | E40: 1 | F40: C043 | G40: Done | H40: Narendra | I40: 29/12:40 | J40: =IFERROR(VLOOKUP(C:C,'[1]S&S'!$B:$F,5,0),) -> 2 | K40: =IFERROR(VLOOKUP(A:A,[1]APO!$A:$F,6,0),) -> 0 | L40: =IFERROR(VLOOKUP(C:C,'[1]TOTAL APO'!$A:$B,2,0),) -> 0 | M40: =IFERROR(VLOOKUP(A:A,[1]Short!$A:$Q,17,0),) -> 0 | N40: =IFERROR(VLOOKUP(C:C,[1]GIT!$B:$D,3,0),) -> 0 | O40: =IFERROR(VLOOKUP(A:A,[2]Sheet1!$A:$B,2,0),) -> 0 | P40: =IFERROR(VLOOKUP(A:A,[2]Sheet1!$A:$B,2,0),) -> 0 | Q40: =+E40-P40 -> 1
A41: =F41&C41 -> C04840060029 | B41: =IF(J41>=SUMIFS(E:E,C:C,C41),"Good to go","Short in Qty") -> Good to go | C41: 40060029 | D41: AER MATIC SPRAY REFILL FLG 210ML M249P18 | E41: 35 | F41: C048 | G41: Done | H41: APO | I41: 30/13:21 | J41: =IFERROR(VLOOKUP(C:C,'[1]S&S'!$B:$F,5,0),) -> 1528 | K41: =IFERROR(VLOOKUP(A:A,[1]APO!$A:$F,6,0),) -> 0 | L41: =IFERROR(VLOOKUP(C:C,'[1]TOTAL APO'!$A:$B,2,0),) -> 0 | M41: =IFERROR(VLOOKUP(A:A,[1]Short!$A:$Q,17,0),) -> 0 | N41: =IFERROR(VLOOKUP(C:C,[1]GIT!$B:$D,3,0),) -> 0 | O41: =IFERROR(VLOOKUP(A:A,[2]Sheet1!$A:$B,2,0),) -> 35 | P41: =IFERROR(VLOOKUP(A:A,[2]Sheet1!$A:$B,2,0),) -> 35 | Q41: =+E41-P41 -> 0
A42: =F42&C42 -> C04240062345 | B42: =IF(J42>=SUMIFS(E:E,C:C,C42),"Good to go","Short in Qty") -> Good to go | C42: 40062345 | D42: AER O CARAMEL LATTE 7.5G M99P60 | E42: 10 | F42: C042 | G42: Done | H42: Yogesh Sir | I42: 30/12:50 | J42: =IFERROR(VLOOKUP(C:C,'[1]S&S'!$B:$F,5,0),) -> 143 | K42: =IFERROR(VLOOKUP(A:A,[1]APO!$A:$F,6,0),) -> 0 | L42: =IFERROR(VLOOKUP(C:C,'[1]TOTAL APO'!$A:$B,2,0),) -> 0 | M42: =IFERROR(VLOOKUP(A:A,[1]Short!$A:$Q,17,0),) -> 0 | N42: =IFERROR(VLOOKUP(C:C,[1]GIT!$B:$D,3,0),) -> 0 | O42: =IFERROR(VLOOKUP(A:A,[2]Sheet1!$A:$B,2,0),) -> 10 | P42: =IFERROR(VLOOKUP(A:A,[2]Sheet1!$A:$B,2,0),) -> 10 | Q42: =+E42-P42 -> 0
A43: =F43&C43 -> C04640058612 | B43: =IF(J43>=SUMIFS(E:E,C:C,C43),"Good to go","Short in Qty") -> Good to go | C43: 40058612 | D43: KS20'S LONGLAST SYNC M360 P480 | E43: 2 | F43: C046 | G43: Done | H43: Narendra | I43: 29/12:40 | J43: =IFERROR(VLOOKUP(C:C,'[1]S&S'!$B:$F,5,0),) -> 16 | K43: =IFERROR(VLOOKUP(A:A,[1]APO!$A:$F,6,0),) -> 0 | L43: =IFERROR(VLOOKUP(C:C,'[1]TOTAL APO'!$A:$B,2,0),) -> 0 | M43: =IFERROR(VLOOKUP(A:A,[1]Short!$A:$Q,17,0),) -> 0 | N43: =IFERROR(VLOOKUP(C:C,[1]GIT!$B:$D,3,0),) -> 0 | O43: =IFERROR(VLOOKUP(A:A,[2]Sheet1!$A:$B,2,0),) -> 2 | P43: =IFERROR(VLOOKUP(A:A,[2]Sheet1!$A:$B,2,0),) -> 2 | Q43: =+E43-P43 -> 0
A44: =F44&C44 -> C04840060034 | B44: =IF(J44>=SUMIFS(E:E,C:C,C44),"Good to go","Short in Qty") -> Short in Qty | C44: 40060034 | D44: AER MATIC SPRY RFILL VVB 210ML M249P18NF | E44: 200 | F44: C048 | G44: 200 | H44: Yogesh Sir | I44: 30/12:50 | J44: =IFERROR(VLOOKUP(C:C,'[1]S&S'!$B:$F,5,0),) -> 679.33333 | K44: =IFERROR(VLOOKUP(A:A,[1]APO!$A:$F,6,0),) -> 0 | L44: =IFERROR(VLOOKUP(C:C,'[1]TOTAL APO'!$A:$B,2,0),) -> 0 | M44: =IFERROR(VLOOKUP(A:A,[1]Short!$A:$Q,17,0),) -> 0 | N44: =IFERROR(VLOOKUP(C:C,[1]GIT!$B:$D,3,0),) -> 0 | O44: =IFERROR(VLOOKUP(A:A,[2]Sheet1!$A:$B,2,0),) -> 200 | P44: =IFERROR(VLOOKUP(A:A,[2]Sheet1!$A:$B,2,0),) -> 200 | Q44: =+E44-P44 -> 0
A45: =F45&C45 -> C04640059400 | B45: =IF(J45>=SUMIFS(E:E,C:C,C45),"Good to go","Short in Qty") -> Good to go | C45: 40059400 | D45: PA EDP SAMURAI 100ML G M399 P12 | E45: 1 | F45: C046 | G45: Done | H45: Narendra | I45: 24/13:21 | J45: =IFERROR(VLOOKUP(C:C,'[1]S&S'!$B:$F,5,0),) -> 1 | K45: =IFERROR(VLOOKUP(A:A,[1]APO!$A:$F,6,0),) -> 0 | L45: =IFERROR(VLOOKUP(C:C,'[1]TOTAL APO'!$A:$B,2,0),) -> 0 | M45: =IFERROR(VLOOKUP(A:A,[1]Short!$A:$Q,17,0),) -> 0 | N45: =IFERROR(VLOOKUP(C:C,[1]GIT!$B:$D,3,0),) -> 0 | O45: =IFERROR(VLOOKUP(A:A,[2]Sheet1!$A:$B,2,0),) -> 0 | P45: =IFERROR(VLOOKUP(A:A,[2]Sheet1!$A:$B,2,0),) -> 0 | Q45: =+E45-P45 -> 1
A46: =F46&C46 -> C04340050204 | B46: =IF(J46>=SUMIFS(E:E,C:C,C46),"Good to go","Short in Qty") -> Good to go | C46: 40050204 | D46: *FreshGlow 100g PO4 M175 P36 New | E46: 3 | F46: C043 | G46: Done | H46: Yogesh Sir | I46: 30/12:50 | J46: =IFERROR(VLOOKUP(C:C,'[1]S&S'!$B:$F,5,0),) -> 24 | K46: =IFERROR(VLOOKUP(A:A,[1]APO!$A:$F,6,0),) -> 0 | L46: =IFERROR(VLOOKUP(C:C,'[1]TOTAL APO'!$A:$B,2,0),) -> 0 | M46: =IFERROR(VLOOKUP(A:A,[1]Short!$A:$Q,17,0),) -> 0 | N46: =IFERROR(VLOOKUP(C:C,[1]GIT!$B:$D,3,0),) -> 18 | O46: =IFERROR(VLOOKUP(A:A,[2]Sheet1!$A:$B,2,0),) -> 3 | P46: =IFERROR(VLOOKUP(A:A,[2]Sheet1!$A:$B,2,0),) -> 3 | Q46: =+E46-P46 -> 0
A47: =F47&C47 -> C04840062345 | B47: =IF(J47>=SUMIFS(E:E,C:C,C47),"Good to go","Short in Qty") -> Good to go | C47: 40062345 | D47: AER O CARAMEL LATTE 7.5G M99P60 | E47: 34 | F47: C048 | G47: Done | H47: APO | I47: 30/13:21 | J47: =IFERROR(VLOOKUP(C:C,'[1]S&S'!$B:$F,5,0),) -> 143 | K47: =IFERROR(VLOOKUP(A:A,[1]APO!$A:$F,6,0),) -> 0 | L47: =IFERROR(VLOOKUP(C:C,'[1]TOTAL APO'!$A:$B,2,0),) -> 0 | M47: =IFERROR(VLOOKUP(A:A,[1]Short!$A:$Q,17,0),) -> 0 | N47: =IFERROR(VLOOKUP(C:C,[1]GIT!$B:$D,3,0),) -> 0 | O47: =IFERROR(VLOOKUP(A:A,[2]Sheet1!$A:$B,2,0),) -> 34 | P47: =IFERROR(VLOOKUP(A:A,[2]Sheet1!$A:$B,2,0),) -> 34 | Q47: =+E47-P47 -> 0
A48: =F48&C48 -> C12140059464 | B48: =IF(J48>=SUMIFS(E:E,C:C,C48),"Good to go","Short in Qty") -> Good to go | C48: 40059464 | D48: PA LUXURY GROOMING KIT M1099P6 | E48: 21 | F48: C121 | G48: No Stock | H48: Abhisekh M | I48: 24/11:45 | J48: =IFERROR(VLOOKUP(C:C,'[1]S&S'!$B:$F,5,0),) -> 25.999667 | K48: =IFERROR(VLOOKUP(A:A,[1]APO!$A:$F,6,0),) -> 0 | L48: =IFERROR(VLOOKUP(C:C,'[1]TOTAL APO'!$A:$B,2,0),) -> 0 | M48: =IFERROR(VLOOKUP(A:A,[1]Short!$A:$Q,17,0),) -> 0 | N48: =IFERROR(VLOOKUP(C:C,[1]GIT!$B:$D,3,0),) -> 0 | O48: =IFERROR(VLOOKUP(A:A,[2]Sheet1!$A:$B,2,0),) -> 0 | P48: =IFERROR(VLOOKUP(A:A,[2]Sheet1!$A:$B,2,0),) -> 0 | Q48: =+E48-P48 -> 21
A49: =F49&C49 -> C04840041315 | B49: =IF(J49>=SUMIFS(E:E,C:C,C49),"Good to go","Short in Qty") -> Good to go | C49: 40041315 | D49: AER O coolaqua 7.5g M99 PO60 | E49: 78 | F49: C048 | G49: Done | H49: APO | I49: 30/13:21 | J49: =IFERROR(VLOOKUP(C:C,'[1]S&S'!$B:$F,5,0),) -> 112 | K49: =IFERROR(VLOOKUP(A:A,[1]APO!$A:$F,6,0),) -> 0 | L49: =IFERROR(VLOOKUP(C:C,'[1]TOTAL APO'!$A:$B,2,0),) -> 0 | M49: =IFERROR(VLOOKUP(A:A,[1]Short!$A:$Q,17,0),) -> 0 | N49: =IFERROR(VLOOKUP(C:C,[1]GIT!$B:$D,3,0),) -> 0 | O49: =IFERROR(VLOOKUP(A:A,[2]Sheet1!$A:$B,2,0),) -> 78 | P49: =IFERROR(VLOOKUP(A:A,[2]Sheet1!$A:$B,2,0),) -> 78 | Q49: =+E49-P49 -> 0
A50: =F50&C50 -> C12140059534 | B50: =IF(J50>=SUMIFS(E:E,C:C,C50),"Good to go","Short in Qty") -> Good to go | C50: 40059534 | D50: HIT RAT KILL M30 P360 | E50: 2 | F50: C121 | G50: No Stock | H50: Yogesh Sir | I50: 22/12:23 | J50: =IFERROR(VLOOKUP(C:C,'[1]S&S'!$B:$F,5,0),) -> 46 | K50: =IFERROR(VLOOKUP(A:A,[1]APO!$A:$F,6,0),) -> 0 | L50: =IFERROR(VLOOKUP(C:C,'[1]TOTAL APO'!$A:$B,2,0),) -> 0 | M50: =IFERROR(VLOOKUP(A:A,[1]Short!$A:$Q,17,0),) -> 0 | N50: =IFERROR(VLOOKUP(C:C,[1]GIT!$B:$D,3,0),) -> 0 | O50: =IFERROR(VLOOKUP(A:A,[2]Sheet1!$A:$B,2,0),) -> 0 | P50: =IFERROR(VLOOKUP(A:A,[2]Sheet1!$A:$B,2,0),) -> 0 | Q50: =+E50-P50 -> 2
A51: =F51&C51 -> C04640059648 | B51: =IF(J51>=SUMIFS(E:E,C:C,C51),"Good to go","Short in Qty") -> Good to go | C51: 40059648 | D51: PA VOYAGE POCKET 18ML M70 P160 GCPL | E51: 2 | F51: C046 | G51: Done | H51: Narendra | I51: 29/12:40 | J51: =IFERROR(VLOOKUP(C:C,'[1]S&S'!$B:$F,5,0),) -> 72 | K51: =IFERROR(VLOOKUP(A:A,[1]APO!$A:$F,6,0),) -> 0 | L51: =IFERROR(VLOOKUP(C:C,'[1]TOTAL APO'!$A:$B,2,0),) -> 0 | M51: =IFERROR(VLOOKUP(A:A,[1]Short!$A:$Q,17,0),) -> 0 | N51: =IFERROR(VLOOKUP(C:C,[1]GIT!$B:$D,3,0),) -> 0 | O51: =IFERROR(VLOOKUP(A:A,[2]Sheet1!$A:$B,2,0),) -> 2 | P51: =IFERROR(VLOOKUP(A:A,[2]Sheet1!$A:$B,2,0),) -> 2 | Q51: =+E51-P51 -> 0
A52: =F52&C52 -> C13140059648 | B52: =IF(J52>=SUMIFS(E:E,C:C,C52),"Good to go","Short in Qty") -> Good to go | C52: 40059648 | D52: PA VOYAGE POCKET 18ML M70 P160 GCPL | E52: 70 | F52: C131 | G52: Done | H52: Abhisekh M | I52: 30/12:02 | J52: =IFERROR(VLOOKUP(C:C,'[1]S&S'!$B:$F,5,0),) -> 72 | K52: =IFERROR(VLOOKUP(A:A,[1]APO!$A:$F,6,0),) -> 0 | L52: =IFERROR(VLOOKUP(C:C,'[1]TOTAL APO'!$A:$B,2,0),) -> 0 | M52: =IFERROR(VLOOKUP(A:A,[1]Short!$A:$Q,17,0),) -> 0 | N52: =IFERROR(VLOOKUP(C:C,[1]GIT!$B:$D,3,0),) -> 0 | O52: =IFERROR(VLOOKUP(A:A,[2]Sheet1!$A:$B,2,0),) -> 70 | P52: =IFERROR(VLOOKUP(A:A,[2]Sheet1!$A:$B,2,0),) -> 70 | Q52: =+E52-P52 -> 0
A53: =F53&C53 -> C04640059654 | B53: =IF(J53>=SUMIFS(E:E,C:C,C53),"Good to go","Short in Qty") -> Good to go | C53: 40059654 | D53: PA GM DEOSHOT 40ML HANG M80 P144 | E53: 3 | F53: C046 | G53: Done | H53: Narendra | I53: 29/12:40 | J53: =IFERROR(VLOOKUP(C:C,'[1]S&S'!$B:$F,5,0),) -> 281 | K53: =IFERROR(VLOOKUP(A:A,[1]APO!$A:$F,6,0),) -> 0 | L53: =IFERROR(VLOOKUP(C:C,'[1]TOTAL APO'!$A:$B,2,0),) -> 0 | M53: =IFERROR(VLOOKUP(A:A,[1]Short!$A:$Q,17,0),) -> 0 | N53: =IFERROR(VLOOKUP(C:C,[1]GIT!$B:$D,3,0),) -> 0 | O53: =IFERROR(VLOOKUP(A:A,[2]Sheet1!$A:$B,2,0),) -> 3 | P53: =IFERROR(VLOOKUP(A:A,[2]Sheet1!$A:$B,2,0),) -> 3 | Q53: =+E53-P53 -> 0
A54: =F54&C54 -> C11140059654 | B54: =IF(J54>=SUMIFS(E:E,C:C,C54),"Good to go","Short in Qty") -> Good to go | C54: 40059654 | D54: PA GM DEOSHOT 40ML HANG M80 P144 | E54: 100 | F54: C111 | G54: Done | H54: Abhisekh M | I54: 30/12:02 | J54: =IFERROR(VLOOKUP(C:C,'[1]S&S'!$B:$F,5,0),) -> 281 | K54: =IFERROR(VLOOKUP(A:A,[1]APO!$A:$F,6,0),) -> 0 | L54: =IFERROR(VLOOKUP(C:C,'[1]TOTAL APO'!$A:$B,2,0),) -> 0 | M54: =IFERROR(VLOOKUP(A:A,[1]Short!$A:$Q,17,0),) -> 0 | N54: =IFERROR(VLOOKUP(C:C,[1]GIT!$B:$D,3,0),) -> 0 | O54: =IFERROR(VLOOKUP(A:A,[2]Sheet1!$A:$B,2,0),) -> 100 | P54: =IFERROR(VLOOKUP(A:A,[2]Sheet1!$A:$B,2,0),) -> 100 | Q54: =+E54-P54 -> 0
A55: =F55&C55 -> C04640059656 | B55: =IF(J55>=SUMIFS(E:E,C:C,C55),"Good to go","Short in Qty") -> Good to go | C55: 40059656 | D55: KS SPARK POCKET 18ML M70 P160 GCPL | E55: 9 | F55: C046 | G55: Done | H55: Narendra | I55: 29/12:40 | J55: =IFERROR(VLOOKUP(C:C,'[1]S&S'!$B:$F,5,0),) -> 676.00025 | K55: =IFERROR(VLOOKUP(A:A,[1]APO!$A:$F,6,0),) -> 0 | L55: =IFERROR(VLOOKUP(C:C,'[1]TOTAL APO'!$A:$B,2,0),) -> 0 | M55: =IFERROR(VLOOKUP(A:A,[1]Short!$A:$Q,17,0),) -> 0 | N55: =IFERROR(VLOOKUP(C:C,[1]GIT!$B:$D,3,0),) -> 0 | O55: =IFERROR(VLOOKUP(A:A,[2]Sheet1!$A:$B,2,0),) -> 9 | P55: =IFERROR(VLOOKUP(A:A,[2]Sheet1!$A:$B,2,0),) -> 9 | Q55: =+E55-P55 -> 0
A56: =F56&C56 -> C04340057243 | B56: =IF(J56>=SUMIFS(E:E,C:C,C56),"Good to go","Short in Qty") -> Good to go | C56: 40057243 | D56: PA EDP OUD 100ML M599 P12 MT | E56: 100 | F56: C043 | G56: Done | H56: RABI Sir | I56: 30/11:10 | J56: =IFERROR(VLOOKUP(C:C,'[1]S&S'!$B:$F,5,0),) -> 1268.9995 | K56: =IFERROR(VLOOKUP(A:A,[1]APO!$A:$F,6,0),) -> 0 | L56: =IFERROR(VLOOKUP(C:C,'[1]TOTAL APO'!$A:$B,2,0),) -> 0 | M56: =IFERROR(VLOOKUP(A:A,[1]Short!$A:$Q,17,0),) -> 0 | N56: =IFERROR(VLOOKUP(C:C,[1]GIT!$B:$D,3,0),) -> 0 | O56: =IFERROR(VLOOKUP(A:A,[2]Sheet1!$A:$B,2,0),) -> 100 | P56: =IFERROR(VLOOKUP(A:A,[2]Sheet1!$A:$B,2,0),) -> 100 | Q56: =+E56-P56 -> 0
... A64: =F64&C64 -> C04840062014 | B64: =IF(J64>=SUMIFS(E:E,C:C,C64),"Good to go","Short in Qty") -> Good to go | C64: 40062014 | D64: AER PLUG REFILL V BLOOM 25ML 2R M199P36 | E64: 5 | F64: C048 | G64: Done | H64: Action | I64: 30/12:47 | J64: =IFERROR(VLOOKUP(C:C,'[1]S&S'!$B:$F,5,0),) -> 140.83333 | K64: =IFERROR(VLOOKUP(A:A,[1]APO!$A:$F,6,0),) -> 0 | L64: =IFERROR(VLOOKUP(C:C,'[1]TOTAL APO'!$A:$B,2,0),) -> 0 | M64: =IFERROR(VLOOKUP(A:A,[1]Short!$A:$Q,17,0),) -> 0 | N64: =IFERROR(VLOOKUP(C:C,[1]GIT!$B:$D,3,0),) -> 0 | O64: =IFERROR(VLOOKUP(A:A,[2]Sheet1!$A:$B,2,0),) -> 5 | P64: =IFERROR(VLOOKUP(A:A,[2]Sheet1!$A:$B,2,0),) -> 5 | Q64: =+E64-P64 -> 0
A65: =F65&C65 -> KT0240060737 | B65: =IF(J65>=SUMIFS(E:E,C:C,C65),"Good to go","Short in Qty") -> Good to go | C65: 40060737 | D65: PA ASL GM 45ML TRAVEL PACK G M85P72 | E65: 510 | F65: KT02 | H65: Ajay Kitting | I65: 29/18:56 | J65: =IFERROR(VLOOKUP(C:C,'[1]S&S'!$B:$F,5,0),) -> 828 | K65: =IFERROR(VLOOKUP(A:A,[1]APO!$A:$F,6,0),) -> 0 | L65: =IFERROR(VLOOKUP(C:C,'[1]TOTAL APO'!$A:$B,2,0),) -> 0 | M65: =IFERROR(VLOOKUP(A:A,[1]Short!$A:$Q,17,0),) -> 0 | N65: =IFERROR(VLOOKUP(C:C,[1]GIT!$B:$D,3,0),) -> 317 | O65: =IFERROR(VLOOKUP(A:A,[2]Sheet1!$A:$B,2,0),) -> 0 | P65: =IFERROR(VLOOKUP(A:A,[2]Sheet1!$A:$B,2,0),) -> 0 | Q65: =+E65-P65 -> 510
A66: =F66&C66 -> C10240060738 | B66: =IF(J66>=SUMIFS(E:E,C:C,C66),"Good to go","Short in Qty") -> Good to go | C66: 40060738 | D66: PA ASL GM 50ML (AUTOMIZER) G M135P18 | E66: 48 | F66: C102 | G66: Done | H66: Abhisekh M | I66: 30/12:02 | J66: =IFERROR(VLOOKUP(C:C,'[1]S&S'!$B:$F,5,0),) -> 2269 | K66: =IFERROR(VLOOKUP(A:A,[1]APO!$A:$F,6,0),) -> 0 | L66: =IFERROR(VLOOKUP(C:C,'[1]TOTAL APO'!$A:$B,2,0),) -> 0 | M66: =IFERROR(VLOOKUP(A:A,[1]Short!$A:$Q,17,0),) -> 0 | N66: =IFERROR(VLOOKUP(C:C,[1]GIT!$B:$D,3,0),) -> 0 | O66: =IFERROR(VLOOKUP(A:A,[2]Sheet1!$A:$B,2,0),) -> 48 | P66: =IFERROR(VLOOKUP(A:A,[2]Sheet1!$A:$B,2,0),) -> 48 | Q66: =+E66-P66 -> 0
A67: =F67&C67 -> KT0240060738 | B67: =IF(J67>=SUMIFS(E:E,C:C,C67),"Good to go","Short in Qty") -> Good to go | C67: 40060738 | D67: PA ASL GM 50ML (AUTOMIZER) G M135P18 | E67: 2221 | F67: KT02 | H67: Ajay Kitting | I67: 29/18:56 | J67: =IFERROR(VLOOKUP(C:C,'[1]S&S'!$B:$F,5,0),) -> 2269 | K67: =IFERROR(VLOOKUP(A:A,[1]APO!$A:$F,6,0),) -> 0 | L67: =IFERROR(VLOOKUP(C:C,'[1]TOTAL APO'!$A:$B,2,0),) -> 0 | M67: =IFERROR(VLOOKUP(A:A,[1]Short!$A:$Q,17,0),) -> 0 | N67: =IFERROR(VLOOKUP(C:C,[1]GIT!$B:$D,3,0),) -> 0 | O67: =IFERROR(VLOOKUP(A:A,[2]Sheet1!$A:$B,2,0),) -> 0 | P67: =IFERROR(VLOOKUP(A:A,[2]Sheet1!$A:$B,2,0),) -> 0 | Q67: =+E67-P67 -> 2221
A68: =F68&C68 -> C04840064164 | B68: =IF(J68>=SUMIFS(E:E,C:C,C68),"Good to go","Short in Qty") -> Good to go | C68: 40064164 | D68: AER PLUG ROSE BLOSSOM COMBI1M+2R M275P24 | E68: 9 | F68: C048 | G68: Done | H68: Action | I68: 30/12:47 | J68: =IFERROR(VLOOKUP(C:C,'[1]S&S'!$B:$F,5,0),) -> 29 | K68: =IFERROR(VLOOKUP(A:A,[1]APO!$A:$F,6,0),) -> 0 | L68: =IFERROR(VLOOKUP(C:C,'[1]TOTAL APO'!$A:$B,2,0),) -> 0 | M68: =IFERROR(VLOOKUP(A:A,[1]Short!$A:$Q,17,0),) -> 0 | N68: =IFERROR(VLOOKUP(C:C,[1]GIT!$B:$D,3,0),) -> 0 | O68: =IFERROR(VLOOKUP(A:A,[2]Sheet1!$A:$B,2,0),) -> 9 | P68: =IFERROR(VLOOKUP(A:A,[2]Sheet1!$A:$B,2,0),) -> 9 | Q68: =+E68-P68 -> 0
A69: =F69&C69 -> C04340050728 | B69: =IF(J69>=SUMIFS(E:E,C:C,C69),"Good to go","Short in Qty") -> Good to go | C69: 40050728 | D69: *CIN SHAVING CREAM 20GLIME FRESH M27P72 | E69: 37 | F69: C043 | G69: Done | H69: Yogesh Sir | I69: 30/12:50 | J69: =IFERROR(VLOOKUP(C:C,'[1]S&S'!$B:$F,5,0),) -> 2141 | K69: =IFERROR(VLOOKUP(A:A,[1]APO!$A:$F,6,0),) -> 0 | L69: =IFERROR(VLOOKUP(C:C,'[1]TOTAL APO'!$A:$B,2,0),) -> 0 | M69: =IFERROR(VLOOKUP(A:A,[1]Short!$A:$Q,17,0),) -> 0 | N69: =IFERROR(VLOOKUP(C:C,[1]GIT!$B:$D,3,0),) -> 0 | O69: =IFERROR(VLOOKUP(A:A,[2]Sheet1!$A:$B,2,0),) -> 37 | P69: =IFERROR(VLOOKUP(A:A,[2]Sheet1!$A:$B,2,0),) -> 37 | Q69: =+E69-P69 -> 0
A70: =F70&C70 -> C04440043918 | B70: =IF(J70>=SUMIFS(E:E,C:C,C70),"Good to go","Short in Qty") -> Short in Qty | C70: 40043918 | D70: GodMag HW NeemRef PO5 45gM49P72MTnewform | E70: 20 | F70: C044 | G70: CFA | H70: Action | I70: 30/12:47 | J70: =IFERROR(VLOOKUP(C:C,'[1]S&S'!$B:$F,5,0),) -> 0.88966667 | K70: =IFERROR(VLOOKUP(A:A,[1]APO!$A:$F,6,0),) -> 0 | L70: =IFERROR(VLOOKUP(C:C,'[1]TOTAL APO'!$A:$B,2,0),) -> 0 | M70: =IFERROR(VLOOKUP(A:A,[1]Short!$A:$Q,17,0),) -> 0 | N70: =IFERROR(VLOOKUP(C:C,[1]GIT!$B:$D,3,0),) -> 0 | O70: =IFERROR(VLOOKUP(A:A,[2]Sheet1!$A:$B,2,0),) -> 0 | P70: =IFERROR(VLOOKUP(A:A,[2]Sheet1!$A:$B,2,0),) -> 0 | Q70: =+E70-P70 -> 20
A71: =F71&C71 -> C12140061082 | B71: =IF(J71>=SUMIFS(E:E,C:C,C71),"Good to go","Short in Qty") -> Good to go | C71: 40061082 | D71: PA GM AER 150ML M225 P72 CSD GCPL-LIQ | E71: 3 | F71: C121 | G71: No Stock | H71: ADD plan | I71: 22/ | J71: =IFERROR(VLOOKUP(C:C,'[1]S&S'!$B:$F,5,0),) -> 3 | K71: =IFERROR(VLOOKUP(A:A,[1]APO!$A:$F,6,0),) -> 0 | L71: =IFERROR(VLOOKUP(C:C,'[1]TOTAL APO'!$A:$B,2,0),) -> 0 | M71: =IFERROR(VLOOKUP(A:A,[1]Short!$A:$Q,17,0),) -> 0 | N71: =IFERROR(VLOOKUP(C:C,[1]GIT!$B:$D,3,0),) -> 0 | O71: =IFERROR(VLOOKUP(A:A,[2]Sheet1!$A:$B,2,0),) -> 0 | P71: =IFERROR(VLOOKUP(A:A,[2]Sheet1!$A:$B,2,0),) -> 0 | Q71: =+E71-P71 -> 3
A72: =F72&C72 -> C04640043918 | B72: =IF(J72>=SUMIFS(E:E,C:C,C72),"Good to go","Short in Qty") -> Short in Qty | C72: 40043918 | D72: GodMag HW NeemRef PO5 45gM49P72MTnewform | E72: 20 | F72: C046 | G72: CFA | H72: Action | I72: 30/12:47 | J72: =IFERROR(VLOOKUP(C:C,'[1]S&S'!$B:$F,5,0),) -> 0.88966667 | K72: =IFERROR(VLOOKUP(A:A,[1]APO!$A:$F,6,0),) -> 0 | L72: =IFERROR(VLOOKUP(C:C,'[1]TOTAL APO'!$A:$B,2,0),) -> 0 | M72: =IFERROR(VLOOKUP(A:A,[1]Short!$A:$Q,17,0),) -> 0 | N72: =IFERROR(VLOOKUP(C:C,[1]GIT!$B:$D,3,0),) -> 0 | O72: =IFERROR(VLOOKUP(A:A,[2]Sheet1!$A:$B,2,0),) -> 0 | P72: =IFERROR(VLOOKUP(A:A,[2]Sheet1!$A:$B,2,0),) -> 0 | Q72: =+E72-P72 -> 20
A73: =F73&C73 -> C13140061668 | B73: =IF(J73>=SUMIFS(E:E,C:C,C73),"Good to go","Short in Qty") -> Good to go | C73: 40061668 | D73: PA GM NEW AER 150ML M225 P48 | E73: 5 | F73: C131 | G73: Done | H73: Abhisekh M | I73: 30/12:02 | J73: =IFERROR(VLOOKUP(C:C,'[1]S&S'!$B:$F,5,0),) -> 1166.9583 | K73: =IFERROR(VLOOKUP(A:A,[1]APO!$A:$F,6,0),) -> 0 | L73: =IFERROR(VLOOKUP(C:C,'[1]TOTAL APO'!$A:$B,2,0),) -> 0 | M73: =IFERROR(VLOOKUP(A:A,[1]Short!$A:$Q,17,0),) -> 0 | N73: =IFERROR(VLOOKUP(C:C,[1]GIT!$B:$D,3,0),) -> 0 | O73: =IFERROR(VLOOKUP(A:A,[2]Sheet1!$A:$B,2,0),) -> 5 | P73: =IFERROR(VLOOKUP(A:A,[2]Sheet1!$A:$B,2,0),) -> 5 | Q73: =+E73-P73 -> 0
A74: =F74&C74 -> KT0240061668 | B74: =IF(J74>=SUMIFS(E:E,C:C,C74),"Good to go","Short in Qty") -> Good to go | C74: 40061668 | D74: PA GM NEW AER 150ML M225 P48 | E74: 1000 | F74: KT02 | H74: Ajay Kitting | I74: 29/18:56 | J74: =IFERROR(VLOOKUP(C:C,'[1]S&S'!$B:$F,5,0),) -> 1166.9583 | K74: =IFERROR(VLOOKUP(A:A,[1]APO!$A:$F,6,0),) -> 0 | L74: =IFERROR(VLOOKUP(C:C,'[1]TOTAL APO'!$A:$B,2,0),) -> 0 | M74: =IFERROR(VLOOKUP(A:A,[1]Short!$A:$Q,17,0),) -> 0 | N74: =IFERROR(VLOOKUP(C:C,[1]GIT!$B:$D,3,0),) -> 0 | O74: =IFERROR(VLOOKUP(A:A,[2]Sheet1!$A:$B,2,0),) -> 0 | P74: =IFERROR(VLOOKUP(A:A,[2]Sheet1!$A:$B,2,0),) -> 0 | Q74: =+E74-P74 -> 1000
A75: =F75&C75 -> C04240063752 | B75: =IF(J75>=SUMIFS(E:E,C:C,C75),"Good to go","Short in Qty") -> Good to go | C75: 40063752 | D75: AER SPRAY CITRUS BLAST 180ML M99P24 | E75: 56 | F75: C042 | G75: Done | H75: Yogesh Sir | I75: 30/12:50 | J75: =IFERROR(VLOOKUP(C:C,'[1]S&S'!$B:$F,5,0),) -> 115 | K75: =IFERROR(VLOOKUP(A:A,[1]APO!$A:$F,6,0),) -> 0 | L75: =IFERROR(VLOOKUP(C:C,'[1]TOTAL APO'!$A:$B,2,0),) -> 0 | M75: =IFERROR(VLOOKUP(A:A,[1]Short!$A:$Q,17,0),) -> 0 | N75: =IFERROR(VLOOKUP(C:C,[1]GIT!$B:$D,3,0),) -> 0 | O75: =IFERROR(VLOOKUP(A:A,[2]Sheet1!$A:$B,2,0),) -> 0 | P75: =IFERROR(VLOOKUP(A:A,[2]Sheet1!$A:$B,2,0),) -> 0 | Q75: =+E75-P75 -> 56
A76: =F76&C76 -> C04740043918 | B76: =IF(J76>=SUMIFS(E:E,C:C,C76),"Good to go","Short in Qty") -> Short in Qty | C76: 40043918 | D76: GodMag HW NeemRef PO5 45gM49P72MTnewform | E76: 5 | F76: C047 | G76: CFA | H76: Action | I76: 30/12:47 | J76: =IFERROR(VLOOKUP(C:C,'[1]S&S'!$B:$F,5,0),) -> 0.88966667 | K76: =IFERROR(VLOOKUP(A:A,[1]APO!$A:$F,6,0),) -> 0 | L76: =IFERROR(VLOOKUP(C:C,'[1]TOTAL APO'!$A:$B,2,0),) -> 0 | M76: =IFERROR(VLOOKUP(A:A,[1]Short!$A:$Q,17,0),) -> 0 | N76: =IFERROR(VLOOKUP(C:C,[1]GIT!$B:$D,3,0),) -> 0 | O76: =IFERROR(VLOOKUP(A:A,[2]Sheet1!$A:$B,2,0),) -> 0 | P76: =IFERROR(VLOOKUP(A:A,[2]Sheet1!$A:$B,2,0),) -> 0 | Q76: =+E76-P76 -> 5
A77: =F77&C77 -> KT0240061671 | B77: =IF(J77>=SUMIFS(E:E,C:C,C77),"Good to go","Short in Qty") -> Good to go | C77: 40061671 | D77: PA NEO NEW AER 150ML M250 P48 | E77: 1500 | F77: KT02 | H77: Ajay Kitting | I77: 29/18:56 | J77: =IFERROR(VLOOKUP(C:C,'[1]S&S'!$B:$F,5,0),) -> 1955.0208 | K77: =IFERROR(VLOOKUP(A:A,[1]APO!$A:$F,6,0),) -> 0 | L77: =IFERROR(VLOOKUP(C:C,'[1]TOTAL APO'!$A:$B,2,0),) -> 0 | M77: =IFERROR(VLOOKUP(A:A,[1]Short!$A:$Q,17,0),) -> 0 | N77: =IFERROR(VLOOKUP(C:C,[1]GIT!$B:$D,3,0),) -> 0 | O77: =IFERROR(VLOOKUP(A:A,[2]Sheet1!$A:$B,2,0),) -> 0 | P77: =IFERROR(VLOOKUP(A:A,[2]Sheet1!$A:$B,2,0),) -> 0 | Q77: =+E77-P77 -> 1500
A78: =F78&C78 -> C04640061999 | B78: =IF(J78>=SUMIFS(E:E,C:C,C78),"Good to go","Short in Qty") -> Good to go | C78: 40061999 | D78: PA GM POCKET 18ML M70 P160 GCPL | E78: 13 | F78: C046 | G78: Done | H78: Narendra | I78: 29/12:40 | J78: =IFERROR(VLOOKUP(C:C,'[1]S&S'!$B:$F,5,0),) -> 359 | K78: =IFERROR(VLOOKUP(A:A,[1]APO!$A:$F,6,0),) -> 0 | L78: =IFERROR(VLOOKUP(C:C,'[1]TOTAL APO'!$A:$B,2,0),) -> 0 | M78: =IFERROR(VLOOKUP(A:A,[1]Short!$A:$Q,17,0),) -> 0 | N78: =IFERROR(VLOOKUP(C:C,[1]GIT!$B:$D,3,0),) -> 0 | O78: =IFERROR(VLOOKUP(A:A,[2]Sheet1!$A:$B,2,0),) -> 13 | P78: =IFERROR(VLOOKUP(A:A,[2]Sheet1!$A:$B,2,0),) -> 13 | Q78: =+E78-P78 -> 0
A79: =F79&C79 -> C04240063700 | B79: =IF(J79>=SUMIFS(E:E,C:C,C79),"Good to go","Short in Qty") -> Good to go | C79: 40063700 | D79: AER SPRAY FOREST FRESH 180ML M99P24 | E79: 52 | F79: C042 | G79: Done | H79: Yogesh Sir | I79: 30/12:50 | J79: =IFERROR(VLOOKUP(C:C,'[1]S&S'!$B:$F,5,0),) -> 9071 | K79: =IFERROR(VLOOKUP(A:A,[1]APO!$A:$F,6,0),) -> 0 | L79: =IFERROR(VLOOKUP(C:C,'[1]TOTAL APO'!$A:$B,2,0),) -> 0 | M79: =IFERROR(VLOOKUP(A:A,[1]Short!$A:$Q,17,0),) -> 0 | N79: =IFERROR(VLOOKUP(C:C,[1]GIT!$B:$D,3,0),) -> 0 | O79: =IFERROR(VLOOKUP(A:A,[2]Sheet1!$A:$B,2,0),) -> 52 | P79: =IFERROR(VLOOKUP(A:A,[2]Sheet1!$A:$B,2,0),) -> 52 | Q79: =+E79-P79 -> 0
A80: =F80&C80 -> C11140061999 | B80: =IF(J80>=SUMIFS(E:E,C:C,C80),"Good to go","Short in Qty") -> Good to go | C80: 40061999 | D80: PA GM POCKET 18ML M70 P160 GCPL | E80: 130 | F80: C111 | G80: Done | H80: Abhisekh M | I80: 30/12:02 | J80: =IFERROR(VLOOKUP(C:C,'[1]S&S'!$B:$F,5,0),) -> 359 | K80: =IFERROR(VLOOKUP(A:A,[1]APO!$A:$F,6,0),) -> 0 | L80: =IFERROR(VLOOKUP(C:C,'[1]TOTAL APO'!$A:$B,2,0),) -> 0 | M80: =IFERROR(VLOOKUP(A:A,[1]Short!$A:$Q,17,0),) -> 0 | N80: =IFERROR(VLOOKUP(C:C,[1]GIT!$B:$D,3,0),) -> 0 | O80: =IFERROR(VLOOKUP(A:A,[2]Sheet1!$A:$B,2,0),) -> 130 | P80: =IFERROR(VLOOKUP(A:A,[2]Sheet1!$A:$B,2,0),) -> 130 | Q80: =+E80-P80 -> 0
A81: =F81&C81 -> C04840062464 | B81: =IF(J81>=SUMIFS(E:E,C:C,C81),"Good to go","Short in Qty") -> Good to go | C81: 40062464 | D81: AER O ORANGE PUNCH 7.5G M99P60 | E81: 27 | F81: C048 | G81: Done | H81: APO | I81: 30/13:21 | J81: =IFERROR(VLOOKUP(C:C,'[1]S&S'!$B:$F,5,0),) -> 139 | K81: =IFERROR(VLOOKUP(A:A,[1]APO!$A:$F,6,0),) -> 0 | L81: =IFERROR(VLOOKUP(C:C,'[1]TOTAL APO'!$A:$B,2,0),) -> 0 | M81: =IFERROR(VLOOKUP(A:A,[1]Short!$A:$Q,17,0),) -> 0 | N81: =IFERROR(VLOOKUP(C:C,[1]GIT!$B:$D,3,0),) -> 0 | O81: =IFERROR(VLOOKUP(A:A,[2]Sheet1!$A:$B,2,0),) -> 27 | P81: =IFERROR(VLOOKUP(A:A,[2]Sheet1!$A:$B,2,0),) -> 27 | Q81: =+E81-P81 -> 0
A82: =F82&C82 -> C04440038891 | B82: =IF(J82>=SUMIFS(E:E,C:C,C82),"Good to go","Short in Qty") -> Good to go | C82: 40038891 | D82: Godrej Selfie SHC 5ml+5ml P360 M15 NBrwn | E82: 1 | F82: C044 | G82: Done | H82: APO | I82: 30/13:21 | J82: =IFERROR(VLOOKUP(C:C,'[1]S&S'!$B:$F,5,0),) -> 10.002778 | K82: =IFERROR(VLOOKUP(A:A,[1]APO!$A:$F,6,0),) -> 0 | L82: =IFERROR(VLOOKUP(C:C,'[1]TOTAL APO'!$A:$B,2,0),) -> 0 | M82: =IFERROR(VLOOKUP(A:A,[1]Short!$A:$Q,17,0),) -> 0 | N82: =IFERROR(VLOOKUP(C:C,[1]GIT!$B:$D,3,0),) -> 0 | O82: =IFERROR(VLOOKUP(A:A,[2]Sheet1!$A:$B,2,0),) -> 1 | P82: =IFERROR(VLOOKUP(A:A,[2]Sheet1!$A:$B,2,0),) -> 1 | Q82: =+E82-P82 -> 0
A83: =F83&C83 -> C04840050858 | B83: =IF(J83>=SUMIFS(E:E,C:C,C83),"Good to go","Short in Qty") -> Good to go | C83: 40050858 | D83: AER PO3 POWERPOCKET ASSORTED M195P36ECOM | E83: 4 | F83: C048 | G83: Done | H83: APO | I83: 30/13:21 | J83: =IFERROR(VLOOKUP(C:C,'[1]S&S'!$B:$F,5,0),) -> 67 | K83: =IFERROR(VLOOKUP(A:A,[1]APO!$A:$F,6,0),) -> 0 | L83: =IFERROR(VLOOKUP(C:C,'[1]TOTAL APO'!$A:$B,2,0),) -> 0 | M83: =IFERROR(VLOOKUP(A:A,[1]Short!$A:$Q,17,0),) -> 0 | N83: =IFERROR(VLOOKUP(C:C,[1]GIT!$B:$D,3,0),) -> 0 | O83: =IFERROR(VLOOKUP(A:A,[2]Sheet1!$A:$B,2,0),) -> 0 | P83: =IFERROR(VLOOKUP(A:A,[2]Sheet1!$A:$B,2,0),) -> 0 | Q83: =+E83-P83 -> 4
A84: =F84&C84 -> C04440039559 | B84: =IF(J84>=SUMIFS(E:E,C:C,C84),"Good to go","Short in Qty") -> Good to go | C84: 40039559 | D84: AER TWIST MUSK AFTER SMK 45g M425P15 | E84: 3 | F84: C044 | G84: 2 | H84: Yogesh Sir | I84: 30/12:50 | J84: =IFERROR(VLOOKUP(C:C,'[1]S&S'!$B:$F,5,0),) -> 14 | K84: =IFERROR(VLOOKUP(A:A,[1]APO!$A:$F,6,0),) -> 0 | L84: =IFERROR(VLOOKUP(C:C,'[1]TOTAL APO'!$A:$B,2,0),) -> 0 | M84: =IFERROR(VLOOKUP(A:A,[1]Short!$A:$Q,17,0),) -> 0 | N84: =IFERROR(VLOOKUP(C:C,[1]GIT!$B:$D,3,0),) -> 0 | O84: =IFERROR(VLOOKUP(A:A,[2]Sheet1!$A:$B,2,0),) -> 0 | P84: =IFERROR(VLOOKUP(A:A,[2]Sheet1!$A:$B,2,0),) -> 0 | Q84: =+E84-P84 -> 3
A85: =F85&C85 -> C12140062071 | B85: =IF(J85>=SUMIFS(E:E,C:C,C85),"Good to go","Short in Qty") -> Good to go | C85: 40062071 | D85: GODREJ SHIKAKAI 75G M35 P160 | E85: 9 | F85: C121 | G85: No Stock | H85: Yogesh Sir | I85: 07/12:06 | J85: =IFERROR(VLOOKUP(C:C,'[1]S&S'!$B:$F,5,0),) -> 1950 | K85: =IFERROR(VLOOKUP(A:A,[1]APO!$A:$F,6,0),) -> 0 | L85: =IFERROR(VLOOKUP(C:C,'[1]TOTAL APO'!$A:$B,2,0),) -> 0 | M85: =IFERROR(VLOOKUP(A:A,[1]Short!$A:$Q,17,0),) -> 0 | N85: =IFERROR(VLOOKUP(C:C,[1]GIT!$B:$D,3,0),) -> 1500 | O85: =IFERROR(VLOOKUP(A:A,[2]Sheet1!$A:$B,2,0),) -> 0 | P85: =IFERROR(VLOOKUP(A:A,[2]Sheet1!$A:$B,2,0),) -> 0 | Q85: =+E85-P85 -> 9
A86: =F86&C86 -> C10240062197 | B86: =IF(J86>=SUMIFS(E:E,C:C,C86),"Good to go","Short in Qty") -> Good to go | C86: 40062197 | D86: KS SPARK POCKET 18ML M60 P160 GCPL NPL | E86: 119 | F86: C102 | G86: No Stock | H86: Harshraj B | I86: 05/17L41 | J86: =IFERROR(VLOOKUP(C:C,'[1]S&S'!$B:$F,5,0),) -> 119 | K86: =IFERROR(VLOOKUP(A:A,[1]APO!$A:$F,6,0),) -> 0 | L86: =IFERROR(VLOOKUP(C:C,'[1]TOTAL APO'!$A:$B,2,0),) -> 0 | M86: =IFERROR(VLOOKUP(A:A,[1]Short!$A:$Q,17,0),) -> 0 | N86: =IFERROR(VLOOKUP(C:C,[1]GIT!$B:$D,3,0),) -> 0 | O86: =IFERROR(VLOOKUP(A:A,[2]Sheet1!$A:$B,2,0),) -> 0 | P86: =IFERROR(VLOOKUP(A:A,[2]Sheet1!$A:$B,2,0),) -> 0 | Q86: =+E86-P86 -> 119
A87: =F87&C87 -> C04840043918 | B87: =IF(J87>=SUMIFS(E:E,C:C,C87),"Good to go","Short in Qty") -> Short in Qty | C87: 40043918 | D87: GodMag HW NeemRef PO5 45gM49P72MTnewform | E87: 20 | F87: C048 | G87: CFA | H87: Action | I87: 30/12:47 | J87: =IFERROR(VLOOKUP(C:C,'[1]S&S'!$B:$F,5,0),) -> 0.88966667 | K87: =IFERROR(VLOOKUP(A:A,[1]APO!$A:$F,6,0),) -> 0 | L87: =IFERROR(VLOOKUP(C:C,'[1]TOTAL APO'!$A:$B,2,0),) -> 0 | M87: =IFERROR(VLOOKUP(A:A,[1]Short!$A:$Q,17,0),) -> 0 | N87: =IFERROR(VLOOKUP(C:C,[1]GIT!$B:$D,3,0),) -> 0 | O87: =IFERROR(VLOOKUP(A:A,[2]Sheet1!$A:$B,2,0),) -> 0 | P87: =IFERROR(VLOOKUP(A:A,[2]Sheet1!$A:$B,2,0),) -> 0 | Q87: =+E87-P87 -> 20
A88: =F88&C88 -> C04340059678 | B88: =IF(J88>=SUMIFS(E:E,C:C,C88),"Good to go","Short in Qty") -> Good to go | C88: 40059678 | D88: PA TRANCE MIST 135ML M199 P24 GCPL | E88: 60 | F88: C043 | G88: Done | H88: RABI Sir | I88: 30/11:10 | J88: =IFERROR(VLOOKUP(C:C,'[1]S&S'!$B:$F,5,0),) -> 100 | K88: =IFERROR(VLOOKUP(A:A,[1]APO!$A:$F,6,0),) -> 0 | L88: =IFERROR(VLOOKUP(C:C,'[1]TOTAL APO'!$A:$B,2,0),) -> 0 | M88: =IFERROR(VLOOKUP(A:A,[1]Short!$A:$Q,17,0),) -> 0 | N88: =IFERROR(VLOOKUP(C:C,[1]GIT!$B:$D,3,0),) -> 100 | O88: =IFERROR(VLOOKUP(A:A,[2]Sheet1!$A:$B,2,0),) -> 60 | P88: =IFERROR(VLOOKUP(A:A,[2]Sheet1!$A:$B,2,0),) -> 60 | Q88: =+E88-P88 -> 0
A89: =F89&C89 -> C04340044139 | B89: =IF(J89>=SUMIFS(E:E,C:C,C89),"Good to go","Short in Qty") -> Good to go | C89: 40044139 | D89: GK Fabric RollOn 8ml M85 P48 Bubblegum | E89: 6 | F89: C043 | G89: Done | H89: Action | I89: 30/12:47 | J89: =IFERROR(VLOOKUP(C:C,'[1]S&S'!$B:$F,5,0),) -> 6.25 | K89: =IFERROR(VLOOKUP(A:A,[1]APO!$A:$F,6,0),) -> 0 | L89: =IFERROR(VLOOKUP(C:C,'[1]TOTAL APO'!$A:$B,2,0),) -> 0 | M89: =IFERROR(VLOOKUP(A:A,[1]Short!$A:$Q,17,0),) -> 0 | N89: =IFERROR(VLOOKUP(C:C,[1]GIT!$B:$D,3,0),) -> 0 | O89: =IFERROR(VLOOKUP(A:A,[2]Sheet1!$A:$B,2,0),) -> 6 | P89: =IFERROR(VLOOKUP(A:A,[2]Sheet1!$A:$B,2,0),) -> 6 | Q89: =+E89-P89 -> 0
A90: =F90&C90 -> C04840063752 | B90: =IF(J90>=SUMIFS(E:E,C:C,C90),"Good to go","Short in Qty") -> Good to go | C90: 40063752 | D90: AER SPRAY CITRUS BLAST 180ML M99P24 | E90: 41 | F90: C048 | G90: Done | H90: Yogesh Sir | I90: 30/12:50 | J90: =IFERROR(VLOOKUP(C:C,'[1]S&S'!$B:$F,5,0),) -> 115 | K90: =IFERROR(VLOOKUP(A:A,[1]APO!$A:$F,6,0),) -> 0 | L90: =IFERROR(VLOOKUP(C:C,'[1]TOTAL APO'!$A:$B,2,0),) -> 0 | M90: =IFERROR(VLOOKUP(A:A,[1]Short!$A:$Q,17,0),) -> 0 | N90: =IFERROR(VLOOKUP(C:C,[1]GIT!$B:$D,3,0),) -> 0 | O90: =IFERROR(VLOOKUP(A:A,[2]Sheet1!$A:$B,2,0),) -> 0 | P90: =IFERROR(VLOOKUP(A:A,[2]Sheet1!$A:$B,2,0),) -> 0 | Q90: =+E90-P90 -> 41
A91: =F91&C91 -> C04840063022 | B91: =IF(J91>=SUMIFS(E:E,C:C,C91),"Good to go","Short in Qty") -> Good to go | C91: 40063022 | D91: AER PO5 PWRPCKT ASSORTED M350P24 ECOM NF | E91: 65 | F91: C048 | G91: Done | H91: APO | I91: 30/13:21 | J91: =IFERROR(VLOOKUP(C:C,'[1]S&S'!$B:$F,5,0),) -> 224 | K91: =IFERROR(VLOOKUP(A:A,[1]APO!$A:$F,6,0),) -> 0 | L91: =IFERROR(VLOOKUP(C:C,'[1]TOTAL APO'!$A:$B,2,0),) -> 0 | M91: =IFERROR(VLOOKUP(A:A,[1]Short!$A:$Q,17,0),) -> 0 | N91: =IFERROR(VLOOKUP(C:C,[1]GIT!$B:$D,3,0),) -> 0 | O91: =IFERROR(VLOOKUP(A:A,[2]Sheet1!$A:$B,2,0),) -> 65 | P91: =IFERROR(VLOOKUP(A:A,[2]Sheet1!$A:$B,2,0),) -> 65 | Q91: =+E91-P91 -> 0
A92: =F92&C92 -> C04840063753 | B92: =IF(J92>=SUMIFS(E:E,C:C,C92),"Good to go","Short in Qty") -> Good to go | C92: 40063753 | D92: AER SPRAY COOLAQUA 180ML M99P24 | E92: 40 | F92: C048 | G92: Done | H92: APO | I92: 30/13:21 | J92: =IFERROR(VLOOKUP(C:C,'[1]S&S'!$B:$F,5,0),) -> 7686 | K92: =IFERROR(VLOOKUP(A:A,[1]APO!$A:$F,6,0),) -> 0 | L92: =IFERROR(VLOOKUP(C:C,'[1]TOTAL APO'!$A:$B,2,0),) -> 0 | M92: =IFERROR(VLOOKUP(A:A,[1]Short!$A:$Q,17,0),) -> 0 | N92: =IFERROR(VLOOKUP(C:C,[1]GIT!$B:$D,3,0),) -> 0 | O92: =IFERROR(VLOOKUP(A:A,[2]Sheet1!$A:$B,2,0),) -> 40 | P92: =IFERROR(VLOOKUP(A:A,[2]Sheet1!$A:$B,2,0),) -> 40 | Q92: =+E92-P92 -> 0
A93: =F93&C93 -> C04640062328 | B93: =IF(J93>=SUMIFS(E:E,C:C,C93),"Good to go","Short in Qty") -> Good to go | C93: 40062328 | D93: KS3'S RIBBED M30 P1440 INCR NEWAW | E93: 3 | F93: C046 | G93: Done | H93: Narendra | I93: 29/12:40 | J93: =IFERROR(VLOOKUP(C:C,'[1]S&S'!$B:$F,5,0),) -> 103 | K93: =IFERROR(VLOOKUP(A:A,[1]APO!$A:$F,6,0),) -> 0 | L93: =IFERROR(VLOOKUP(C:C,'[1]TOTAL APO'!$A:$B,2,0),) -> 0 | M93: =IFERROR(VLOOKUP(A:A,[1]Short!$A:$Q,17,0),) -> 0 | N93: =IFERROR(VLOOKUP(C:C,[1]GIT!$B:$D,3,0),) -> 3 | O93: =IFERROR(VLOOKUP(A:A,[2]Sheet1!$A:$B,2,0),) -> 3 | P93: =IFERROR(VLOOKUP(A:A,[2]Sheet1!$A:$B,2,0),) -> 3 | Q93: =+E93-P93 -> 0
A94: =F94&C94 -> C04840063688 | B94: =IF(J94>=SUMIFS(E:E,C:C,C94),"Good to go","Short in Qty") -> Good to go | C94: 40063688 | D94: AER SPRAY LAVENDERBLOOM 180ML M99P24 | E94: 75 | F94: C048 | G94: Done | H94: Yogesh Sir | I94: 30/12:50 | J94: =IFERROR(VLOOKUP(C:C,'[1]S&S'!$B:$F,5,0),) -> 8824 | K94: =IFERROR(VLOOKUP(A:A,[1]APO!$A:$F,6,0),) -> 0 | L94: =IFERROR(VLOOKUP(C:C,'[1]TOTAL APO'!$A:$B,2,0),) -> 0 | M94: =IFERROR(VLOOKUP(A:A,[1]Short!$A:$Q,17,0),) -> 0 | N94: =IFERROR(VLOOKUP(C:C,[1]GIT!$B:$D,3,0),) -> 0 | O94: =IFERROR(VLOOKUP(A:A,[2]Sheet1!$A:$B,2,0),) -> 75 | P94: =IFERROR(VLOOKUP(A:A,[2]Sheet1!$A:$B,2,0),) -> 75 | Q94: =+E94-P94 -> 0
A95: =F95&C95 -> C04640062334 | B95: =IF(J95>=SUMIFS(E:E,C:C,C95),"Good to go","Short in Qty") -> Good to go | C95: 40062334 | D95: KS3S CHOCOLATEFLV M30 P1440 INCRSD NEWAW | E95: 4 | F95: C046 | G95: Done | H95: Narendra | I95: 29/12:40 | J95: =IFERROR(VLOOKUP(C:C,'[1]S&S'!$B:$F,5,0),) -> 999 | K95: =IFERROR(VLOOKUP(A:A,[1]APO!$A:$F,6,0),) -> 0 | L95: =IFERROR(VLOOKUP(C:C,'[1]TOTAL APO'!$A:$B,2,0),) -> 0 | M95: =IFERROR(VLOOKUP(A:A,[1]Short!$A:$Q,17,0),) -> 0 | N95: =IFERROR(VLOOKUP(C:C,[1]GIT!$B:$D,3,0),) -> 5 | O95: =IFERROR(VLOOKUP(A:A,[2]Sheet1!$A:$B,2,0),) -> 4 | P95: =IFERROR(VLOOKUP(A:A,[2]Sheet1!$A:$B,2,0),) -> 4 | Q95: =+E95-P95 -> 0
A96: =F96&C96 -> C04840063700 | B96: =IF(J96>=SUMIFS(E:E,C:C,C96),"Good to go","Short in Qty") -> Good to go | C96: 40063700 | D96: AER SPRAY FOREST FRESH 180ML M99P24 | E96: 12 | F96: C048 | G96: Done | H96: APO | I96: 30/13:21 | J96: =IFERROR(VLOOKUP(C:C,'[1]S&S'!$B:$F,5,0),) -> 9071 | K96: =IFERROR(VLOOKUP(A:A,[1]APO!$A:$F,6,0),) -> 0 | L96: =IFERROR(VLOOKUP(C:C,'[1]TOTAL APO'!$A:$B,2,0),) -> 0 | M96: =IFERROR(VLOOKUP(A:A,[1]Short!$A:$Q,17,0),) -> 0 | N96: =IFERROR(VLOOKUP(C:C,[1]GIT!$B:$D,3,0),) -> 0 | O96: =IFERROR(VLOOKUP(A:A,[2]Sheet1!$A:$B,2,0),) -> 12 | P96: =IFERROR(VLOOKUP(A:A,[2]Sheet1!$A:$B,2,0),) -> 12 | Q96: =+E96-P96 -> 0
... A107: =F107&C107 -> C11140062523 | B107: =IF(J107>=SUMIFS(E:E,C:C,C107),"Good to go","Short in Qty") -> Good to go | C107: 40062523 | D107: KS10'S STRAWBERRYFLV M100 P480 NEWAW | E107: 100 | F107: C111 | G107: Done | H107: Abhisekh M | I107: 30/12:02 | J107: =IFERROR(VLOOKUP(C:C,'[1]S&S'!$B:$F,5,0),) -> 1438 | K107: =IFERROR(VLOOKUP(A:A,[1]APO!$A:$F,6,0),) -> 0 | L107: =IFERROR(VLOOKUP(C:C,'[1]TOTAL APO'!$A:$B,2,0),) -> 0 | M107: =IFERROR(VLOOKUP(A:A,[1]Short!$A:$Q,17,0),) -> 0 | N107: =IFERROR(VLOOKUP(C:C,[1]GIT!$B:$D,3,0),) -> 0 | O107: =IFERROR(VLOOKUP(A:A,[2]Sheet1!$A:$B,2,0),) -> 100 | P107: =IFERROR(VLOOKUP(A:A,[2]Sheet1!$A:$B,2,0),) -> 100 | Q107: =+E107-P107 -> 0
A108: =F108&C108 -> C04840063699 | B108: =IF(J108>=SUMIFS(E:E,C:C,C108),"Good to go","Short in Qty") -> Good to go | C108: 40063699 | D108: AER SPRAY JASMINEDELIGHT 180ML M99P24 | E108: 27 | F108: C048 | G108: 26 | H108: Yogesh Sir | I108: 30/12:50 | J108: =IFERROR(VLOOKUP(C:C,'[1]S&S'!$B:$F,5,0),) -> 10473.125 | K108: =IFERROR(VLOOKUP(A:A,[1]APO!$A:$F,6,0),) -> 0 | L108: =IFERROR(VLOOKUP(C:C,'[1]TOTAL APO'!$A:$B,2,0),) -> 0 | M108: =IFERROR(VLOOKUP(A:A,[1]Short!$A:$Q,17,0),) -> 0 | N108: =IFERROR(VLOOKUP(C:C,[1]GIT!$B:$D,3,0),) -> 0 | O108: =IFERROR(VLOOKUP(A:A,[2]Sheet1!$A:$B,2,0),) -> 26 | P108: =IFERROR(VLOOKUP(A:A,[2]Sheet1!$A:$B,2,0),) -> 26 | Q108: =+E108-P108 -> 1
A109: =F109&C109 -> C04640062524 | B109: =IF(J109>=SUMIFS(E:E,C:C,C109),"Good to go","Short in Qty") -> Good to go | C109: 40062524 | D109: KS10'S CHOCOLATE FLV M100 P480 NEWAW | E109: 10 | F109: C046 | G109: Done | H109: Narendra | I109: 29/12:40 | J109: =IFERROR(VLOOKUP(C:C,'[1]S&S'!$B:$F,5,0),) -> 1379 | K109: =IFERROR(VLOOKUP(A:A,[1]APO!$A:$F,6,0),) -> 0 | L109: =IFERROR(VLOOKUP(C:C,'[1]TOTAL APO'!$A:$B,2,0),) -> 0 | M109: =IFERROR(VLOOKUP(A:A,[1]Short!$A:$Q,17,0),) -> 0 | N109: =IFERROR(VLOOKUP(C:C,[1]GIT!$B:$D,3,0),) -> 0 | O109: =IFERROR(VLOOKUP(A:A,[2]Sheet1!$A:$B,2,0),) -> 10 | P109: =IFERROR(VLOOKUP(A:A,[2]Sheet1!$A:$B,2,0),) -> 10 | Q109: =+E109-P109 -> 0
A110: =F110&C110 -> C04840063026 | B110: =IF(J110>=SUMIFS(E:E,C:C,C110),"Good to go","Short in Qty") -> Good to go | C110: 40063026 | D110: AERPOWERPOCKET SEABREEZE 10G M70P120 NEW | E110: 76 | F110: C048 | H110: Yogesh Sir | I110: 30/12:50 | J110: =IFERROR(VLOOKUP(C:C,'[1]S&S'!$B:$F,5,0),) -> 1398 | K110: =IFERROR(VLOOKUP(A:A,[1]APO!$A:$F,6,0),) -> 0 | L110: =IFERROR(VLOOKUP(C:C,'[1]TOTAL APO'!$A:$B,2,0),) -> 0 | M110: =IFERROR(VLOOKUP(A:A,[1]Short!$A:$Q,17,0),) -> 0 | N110: =IFERROR(VLOOKUP(C:C,[1]GIT!$B:$D,3,0),) -> 0 | O110: =IFERROR(VLOOKUP(A:A,[2]Sheet1!$A:$B,2,0),) -> 0 | P110: =IFERROR(VLOOKUP(A:A,[2]Sheet1!$A:$B,2,0),) -> 0 | Q110: =+E110-P110 -> 76
A111: =F111&C111 -> C04840065273 | B111: =IF(J111>=SUMIFS(E:E,C:C,C111),"Good to go","Short in Qty") -> Good to go | C111: 40065273 | D111: AERPWRPCKT JASMINE BLM B4G1 M280P24 NF | E111: 28 | F111: C048 | G111: Done | H111: Yogesh Sir | I111: 30/12:50 | J111: =IFERROR(VLOOKUP(C:C,'[1]S&S'!$B:$F,5,0),) -> 138 | K111: =IFERROR(VLOOKUP(A:A,[1]APO!$A:$F,6,0),) -> 0 | L111: =IFERROR(VLOOKUP(C:C,'[1]TOTAL APO'!$A:$B,2,0),) -> 0 | M111: =IFERROR(VLOOKUP(A:A,[1]Short!$A:$Q,17,0),) -> 0 | N111: =IFERROR(VLOOKUP(C:C,[1]GIT!$B:$D,3,0),) -> 0 | O111: =IFERROR(VLOOKUP(A:A,[2]Sheet1!$A:$B,2,0),) -> 28 | P111: =IFERROR(VLOOKUP(A:A,[2]Sheet1!$A:$B,2,0),) -> 28 | Q111: =+E111-P111 -> 0
A112: =F112&C112 -> C12140063016 | B112: =IF(J112>=SUMIFS(E:E,C:C,C112),"Good to go","Short in Qty") -> Good to go | C112: 40063016 | D112: EXPCRM 20G+20ML+2ML DBRN PO10 P240 M40ND | E112: 8 | F112: C121 | G112: No Stock | H112: Yogesh Sir | I112: 03/12:27 | J112: =IFERROR(VLOOKUP(C:C,'[1]S&S'!$B:$F,5,0),) -> 401 | K112: =IFERROR(VLOOKUP(A:A,[1]APO!$A:$F,6,0),) -> 0 | L112: =IFERROR(VLOOKUP(C:C,'[1]TOTAL APO'!$A:$B,2,0),) -> 0 | M112: =IFERROR(VLOOKUP(A:A,[1]Short!$A:$Q,17,0),) -> 0 | N112: =IFERROR(VLOOKUP(C:C,[1]GIT!$B:$D,3,0),) -> 0 | O112: =IFERROR(VLOOKUP(A:A,[2]Sheet1!$A:$B,2,0),) -> 0 | P112: =IFERROR(VLOOKUP(A:A,[2]Sheet1!$A:$B,2,0),) -> 0 | Q112: =+E112-P112 -> 8
A113: =F113&C113 -> C11140049906 | B113: =IF(J113>=SUMIFS(E:E,C:C,C113),"Good to go","Short in Qty") -> Good to go | C113: 40049906 | D113: PA AMAZONWOODS 120ML M349 P24 GCPL | E113: 400 | F113: C111 | H113: Action | I113: 30/12:47 | J113: =IFERROR(VLOOKUP(C:C,'[1]S&S'!$B:$F,5,0),) -> 697 | K113: =IFERROR(VLOOKUP(A:A,[1]APO!$A:$F,6,0),) -> 0 | L113: =IFERROR(VLOOKUP(C:C,'[1]TOTAL APO'!$A:$B,2,0),) -> 0 | M113: =IFERROR(VLOOKUP(A:A,[1]Short!$A:$Q,17,0),) -> 0 | N113: =IFERROR(VLOOKUP(C:C,[1]GIT!$B:$D,3,0),) -> 200 | O113: =IFERROR(VLOOKUP(A:A,[2]Sheet1!$A:$B,2,0),) -> 0 | P113: =IFERROR(VLOOKUP(A:A,[2]Sheet1!$A:$B,2,0),) -> 0 | Q113: =+E113-P113 -> 400
A114: =F114&C114 -> C04240063018 | B114: =IF(J114>=SUMIFS(E:E,C:C,C114),"Good to go","Short in Qty") -> Good to go | C114: 40063018 | D114: AERPOWERPOCKET BERRYRUSH 10G M70P120 NF | E114: 119 | F114: C042 | G114: Done | H114: Yogesh Sir | I114: 30/12:50 | J114: =IFERROR(VLOOKUP(C:C,'[1]S&S'!$B:$F,5,0),) -> 1061 | K114: =IFERROR(VLOOKUP(A:A,[1]APO!$A:$F,6,0),) -> 0 | L114: =IFERROR(VLOOKUP(C:C,'[1]TOTAL APO'!$A:$B,2,0),) -> 0 | M114: =IFERROR(VLOOKUP(A:A,[1]Short!$A:$Q,17,0),) -> 0 | N114: =IFERROR(VLOOKUP(C:C,[1]GIT!$B:$D,3,0),) -> 213 | O114: =IFERROR(VLOOKUP(A:A,[2]Sheet1!$A:$B,2,0),) -> 119 | P114: =IFERROR(VLOOKUP(A:A,[2]Sheet1!$A:$B,2,0),) -> 119 | Q114: =+E114-P114 -> 0
A115: =F115&C115 -> C12140063026 | B115: =IF(J115>=SUMIFS(E:E,C:C,C115),"Good to go","Short in Qty") -> Good to go | C115: 40063026 | D115: AERPOWERPOCKET SEABREEZE 10G M70P120 NEW | E115: 74 | F115: C121 | G115: No Stock | H115: Yogesh Sir | I115: 01/10:39 | J115: =IFERROR(VLOOKUP(C:C,'[1]S&S'!$B:$F,5,0),) -> 1398 | K115: =IFERROR(VLOOKUP(A:A,[1]APO!$A:$F,6,0),) -> 0 | L115: =IFERROR(VLOOKUP(C:C,'[1]TOTAL APO'!$A:$B,2,0),) -> 0 | M115: =IFERROR(VLOOKUP(A:A,[1]Short!$A:$Q,17,0),) -> 0 | N115: =IFERROR(VLOOKUP(C:C,[1]GIT!$B:$D,3,0),) -> 0 | O115: =IFERROR(VLOOKUP(A:A,[2]Sheet1!$A:$B,2,0),) -> 0 | P115: =IFERROR(VLOOKUP(A:A,[2]Sheet1!$A:$B,2,0),) -> 0 | Q115: =+E115-P115 -> 74
A116: =F116&C116 -> C04640039559 | B116: =IF(J116>=SUMIFS(E:E,C:C,C116),"Good to go","Short in Qty") -> Good to go | C116: 40039559 | D116: AER TWIST MUSK AFTER SMK 45g M425P15 | E116: 1 | F116: C046 | H116: APO | I116: 30/13:21 | J116: =IFERROR(VLOOKUP(C:C,'[1]S&S'!$B:$F,5,0),) -> 14 | K116: =IFERROR(VLOOKUP(A:A,[1]APO!$A:$F,6,0),) -> 0 | L116: =IFERROR(VLOOKUP(C:C,'[1]TOTAL APO'!$A:$B,2,0),) -> 0 | M116: =IFERROR(VLOOKUP(A:A,[1]Short!$A:$Q,17,0),) -> 0 | N116: =IFERROR(VLOOKUP(C:C,[1]GIT!$B:$D,3,0),) -> 0 | O116: =IFERROR(VLOOKUP(A:A,[2]Sheet1!$A:$B,2,0),) -> 0 | P116: =IFERROR(VLOOKUP(A:A,[2]Sheet1!$A:$B,2,0),) -> 0 | Q116: =+E116-P116 -> 1
A117: =F117&C117 -> C04440063282 | B117: =IF(J117>=SUMIFS(E:E,C:C,C117),"Good to go","Short in Qty") -> Good to go | C117: 40063282 | D117: NO1 RSE ALMD 100G PO5 M130 P36 RSTRD NF2 | E117: 18 | F117: C044 | H117: Yogesh Sir | I117: 29/12:28 | J117: =IFERROR(VLOOKUP(C:C,'[1]S&S'!$B:$F,5,0),) -> 42 | K117: =IFERROR(VLOOKUP(A:A,[1]APO!$A:$F,6,0),) -> 0 | L117: =IFERROR(VLOOKUP(C:C,'[1]TOTAL APO'!$A:$B,2,0),) -> 0 | M117: =IFERROR(VLOOKUP(A:A,[1]Short!$A:$Q,17,0),) -> 0 | N117: =IFERROR(VLOOKUP(C:C,[1]GIT!$B:$D,3,0),) -> 42 | O117: =IFERROR(VLOOKUP(A:A,[2]Sheet1!$A:$B,2,0),) -> 0 | P117: =IFERROR(VLOOKUP(A:A,[2]Sheet1!$A:$B,2,0),) -> 0 | Q117: =+E117-P117 -> 18
...

Sheet Indent
F1: SL No | G1: Date | H1: From | I1: To | J1: Truck Type | K1: Reported Truck Type | L1: Transporter | M1: Indent Date | N1: Indent Time | O1: Placed | P1: Reported date | Q1: Reported time | R1: Indent No | S1: Vehicle no | T1: Remarks | U1: Plan time | V1: Dock Number | W1: S. time | X1: E . Time | Y1: Sup Name | Z1: Plan Qty | AA1: Load Qty | AB1: Ship No | AC1: Gr.Wt | AD1: EQW
F2: 1 | G2: 46325 | H2: BHIWANDI | I2: INDORE | J2: 18MT | K2: 18MT | L2: ADVAY ( COLD STAR ) | M2: 46321 | N2: 0.49583333 | O2: Y | P2: 46325 | Q2: 0.43402778 | R2: GCPL-C121-O-12948 | S2: RJ32GE1521 | T2: Loading Done | U2: 0.53333333 | V2: 12 | W2: 0.58263889 | X2: 0.69513889 | Y2: Sanjay | Z2: =180+37+1236 -> 1453 | AA2: 1453 | AB2: 1001154222 | AC2: =1243+170.7+14534.361 -> 15948.061 | AD2: =1616.289+17389.474 -> 19005.763
F3: 2 | G3: 46325 | H3: BHIWANDI | I3: AHMD | J3: 18MT | K3: 37MT | L3: KAPOOR | M3: 46324 | N3: 0.48055556 | O3: Y | P3: 46325 | Q3: 0.45138889 | R3: GCPL-C121-O-12947 | S3: RJ09GE6858 | T3: Loading Done | U3: 0.625 | V3: 17 | W3: 0.66666667 | X3: 0.88611111 | Y3: Siddesh | Z3: 3050 | AA3: 3050 | AB3: 1001154452 | AC3: 27515.967 | AD3: 40473.011
F4: 3 | G4: 46325 | H4: BHIWANDI | I4: PONDY | J4: 18MT | K4: 15MT | L4: KAPOOR | M4: 46324 | N4: 0.57569444 | O4: Y | P4: 46325 | Q4: 0.4375 | R4: GCPL-C121-O-12949 | S4: NL01AG6386
F5: 4 | G5: 46325 | H5: BHIWANDI | I5: PONDY | J5: 18MT | K5: 18MT | L5: KAPOOR | M5: 46324 | N5: 0.57569444 | O5: y | P5: 46325 | Q5: 0.44097222 | R5: GCPL-C121-O-12950 | S5: NL01AG5387 | T5: Loading Done | U5: 0.50694444 | V5: 11 | W5: 0.58333333 | X5: 0.71875 | Y5: Aman | Z5: 1997 | AA5: 1997 | AB5: 1001154404 | AC5: 16967.6 | AD5: 20896.063
F6: 5 | G6: 46325 | H6: BHIWANDI | I6: INDORE | J6: 18MT | L6: ADVAY | M6: 46324 | N6: 0.57569444 | R6: GCPL-C121-O-12951
F7: 6 | G7: 46325 | H7: BHIWANDI | I7: PUNE | J7: 18MT | K7: 10MT | L7: COLDSTAR ( SUBHAM ) | M7: 46324 | N7: 0.57569444 | O7: Y | P7: 46325 | Q7: 0.43055556 | R7: GCPL-C121-O-12952 | S7: MH14KA5365 | T7: Loading Done | U7: 0.66875 | V7: 14 | W7: 0.73611111 | X7: 0.80208333 | Y7: Manmohan Yadav | Z7: 830 | AA7: 830 | AB7: 1001154408 | AC7: 7949.36 | AD7: 8720.856
F8: 7 | G8: 46325 | H8: BHIWANDI | I8: PUNE | J8: 18MT | K8: 18MT | L8: COLDSTAR ( ANAND ) | M8: 46324 | N8: 0.57569444 | O8: Y | P8: 46325 | Q8: 0.5625 | R8: GCPL-C121-O-12953 | S8: MH12UM3900 | T8: Loading Done | U8: 0.66111111 | V8: 15 | W8: 0.71875 | X8: 0.88402778 | Y8: Rakesh | Z8: 1764 | AA8: 1764 | AB8: 1001154453 | AC8: 14978.778 | AD8: 21423.254
F9: 8 | G9: 46325 | H9: BHIWANDI | I9: PUNE | J9: 18MT | K9: 15MT | L9: COLDSTAR | M9: 46324 | N9: 0.57569444 | O9: Y | P9: 46325 | Q9: 0.61805556 | R9: GCPL-C121-O-12954 | S9: RJ11GC5155 | T9: Loading Done | U9: 0.68263889 | V9: 16 | W9: 0.71597222 | X9: 0.84027778 | Y9: Jeet | Z9: 1220 | AA9: 1220 | AB9: 1001154437 | AC9: 14293.705 | AD9: 15983.543
F10: 9 | G10: 46325 | H10: BHIWANDI | I10: TEPLA | J10: 18MT | K10: 18MT | L10: ONE Point | M10: 46324 | N10: 0.57569444 | O10: Y | P10: 46324 | Q10: 0.55277778 | R10: GCPL-C121-M-12966 | S10: HR68C2473 | T10: Loading Done | U10: 0.64444444 | V10: 12 | W10: 0.71875 | X10: 0.85069444 | Y10: Sanjay | Z10: 2663 | AA10: 2663 | AB10: 1001154450 | AC10: 17934.84 | AD10: 25103.073
F11: 10 | G11: 46325 | H11: BHIWANDI | I11: KOLKATA | J11: 18MT | K11: 18MT | L11: GATIVIDHI | M11: 46324 | N11: 0.57569444 | O11: Y | P11: 46325 | Q11: 0.44444444 | R11: GCPL-C121-O-12968 | S11: NL01AB9631 | T11: Loading Done | U11: 0.7125 | V11: 11 | W11: 0.8125 | X11: 0.96875 | Y11: Aman | Z11: 2145 | AA11: 2145 | AB11: 1001154455 | AC11: 16763.352 | AD11: 24139.025
F12: 11 | G12: 46325 | H12: BHIWANDI | I12: RAIPUR | J12: 18MT | K12: 18MT | L12: KAPOOR | M12: 46324 | N12: 0.99930556 | O12: Y | P12: 46325 | Q12: 0.5 | R12: GCPL-C121-O-12962 | S12: NL01AJ7158
F13: 12 | G13: 46325 | H13: BHIWANDI | I13: NAGPUR | J13: 18MT | K13: 15MT | L13: ADVAY | M13: 46324 | N13: 0.99930556 | O13: Y | P13: 46325 | Q13: 0.4375 | R13: GCPL-C121-O-12963 | S13: MH04JU1277 | T13: Loading Done | U13: 0.72916667 | V13: 16 | W13: 0.8625 | X13: 0.97430556 | Y13: Jeet | Z13: 1780 | AA13: 1780 | AB13: 1001154456 | AC13: 14012.53 | AD13: 21746.141
F14: 13 | G14: 46325 | H14: BHIWANDI | I14: AHMD | J14: 18MT | K14: 18MT | L14: KAPOOR | M14: 46324 | N14: 0.99930556 | O14: Y | P14: 46325 | Q14: 0.46527778 | R14: GCPL-C121-O-12964 | S14: NL01AE2938 | T14: Loading Done | U14: 0.63819444 | V14: 18 | W14: 0.70138889 | X14: 0.84722222 | Y14: Bahadur | Z14: 2137 | AA14: 2137 | AB14: 1001154451 | AC14: 17296.923 | AD14: 23967.032
F15: 14 | G15: 46325 | H15: BHIWANDI | I15: PUNE | J15: 10MT | K15: 10MT | L15: SUBHAM | M15: 46324 | N15: 0.57569444 | O15: Y | P15: 46325 | Q15: 0.42361111 | R15: GCPL-C121-M-12965 | S15: MH14NP2249 | T15: Loading Done | U15: 0.68958333 | V15: 11 | W15: 0.73611111 | X15: 0.79166667 | Y15: Aman | Z15: 670 | AA15: 670 | AB15: 1001154406 | AC15: 8738.16 | AD15: 7947.428
F16: 15 | G16: 46325 | H16: BHIWANDI | I16: PONDY | J16: 25MT | K16: 25MT | L16: KAPOOR | M16: 46325 | N16: 0.54166667 | O16: Y | P16: 46325 | Q16: 0.625 | R16: GCPL-C121-M-12967 | S16: NL01AJ7792 | T16: Loading Done | U16: 0.70208333 | V16: 14 | W16: 0.82638889 | X16: 0.99305556 | Y16: Manmohan Yadav | Z16: 3252 | AA16: 3252 | AB16: 1001154457 | AC16: 24923.414 | AD16: 34477.009
T22: Plan Will Share in 30 Minutes
T23: Loading In Process
T24: Plan Done, Loading Start Shortly
T25: Loading Done
T26: Manual Indent, As Confirmed by Rohan Sir

Sheet C042-1
A5: GODREJ CONSUMER PRODUCTS LTD
A6: C/O RPM Logistics Pvt Ltd. Add- E - 2 Vadpa Village BHIWANDI-421302
A7: Loading Sheet | C7: GATE NO: | E7: Plan Time: 11:43
A8: Transport Name | B8: Transfer-1 | C8: 808950644 | E8: Date | F8: 30.10.2026 | G8: Weight
A9: Vehicle no | E9: Start Time | G9: Volum
A10: Destination | B10: C042-1 | E10: End Time | G10: Indent
A11: Driver No
A12: Code | B12: Description | C12: Del Qty | D12: Priority | E12: MRP | F12: PKD | G12: Load Qty | H12: Remarks
A13: 40060030 | B13: AER MATIC REFILL ALIVE 225ML M249P18 | C13: 20 | I13: 1001154266
A14: 40060034 | B14: AER MATIC SPRY RFILL VVB 210ML M249P18 | C14: 30 | I14: 7000640913
A15: 40062464 | B15: AER O ORANGE PUNCH 7.5G M99P60 | C15: 20 | I15: 4400600744
A16: 40063614 | B16: AER MATC CMBI RYL VANILLA 210ML P6 M599 | C16: 50
A17: 40063756 | B17: CIN LIME 38G SING M10 P216 RSTRD | C17: 50
A20: Driver Sign | C20: =SUM(C13:C19) -> 170 | D20: Loading Total
A21: Supervisor Sign | D21: Checked By
A23: Sr.No. | B23: Delivery No | C23: Del Qty | D23: Total Scan | E23: pending
A24: 1
A25: 2
A26: 3
B27: Total
B30: RJ32GE1521
B31: R R - 7742794054
B32: Indore-1 - GCPL-C121-M-12961
A33: 40061668 | B33: PA GM NEW AER 150ML M225 P48 | C33: 80 | I33: 1001154222 | J33: 1243.2
A34: 40065477 | B34: PA EDP HARMONY 100ML M599P10 GT(10+2) RE | C34: 50 | I34: 1006207664 | J34: 16359.278
A35: 40065478 | B35: PA EDP CONQ 100ML M599P10 GT(10+2) RE | C35: 50 | I35: 5128391
C37: =SUBTOTAL(9,C33:C36) -> 180

Sheet PONDY-1
I1: 16967.6 | J1: 52596511
A5: GODREJ CONSUMER PRODUCTS LTD
A6: C/O RPM Logistics Pvt Ltd. Add- E - 2 Vadpa Village BHIWANDI-421302
A7: Loading Sheet | C7: GATE NO: | E7: Plan Time: 12:10
A8: Transport Name | B8: KAPOOR | C8: 808950690 | E8: Date | F8: 30.10.2026 | G8: Weight | H8: 17MT
A9: Vehicle no | B9: NL01AG5387 | E9: Start Time | G9: Volum | H9: 55000
A10: Destination | B10: PONDY-1 | E10: End Time | G10: Indent
A11: Driver No | B11: RR. 7534849193 | G11: GCPL-C121-O-12950
A12: Code | B12: Description | C12: Del Qty | D12: Priority | E12: MRP | F12: PKD | G12: Load Qty | H12: Remarks | I12: 4400600750
A13: 40064876 | B13: GODREJ FAB 2KG P6 M309 FL | C13: 500
A14: 40064990 | B14: GODREJ HAIRLAB SS NATBLACK M229 P24ECOM | C14: 100 | J14: 1001154404
A15: 40064913 | B15: HIT RAT GLUE 25G M65 P100 BLUE ART | C15: 289 | J15: 1006209890
A16: 40064907 | B16: HIT RAT GLUE 50G M130 P50 BLUE ART | C16: 13 | J16: 5128507
A17: 40063540 | B17: PA DEO-SIGN VOYAGE 190ML M299 P72 | C17: 150
A18: 40057243 | B18: PA EDP OUD 100ML M599 P12 MT | C18: 800
A19: 40061668 | B19: PA GM NEW AER 150ML M225 P48 | C19: 5
A20: 40049949 | B20: PA SIGNATURE COLLECTION KIT M899P6 | C20: 140
A24: Driver Sign | C24: =SUM(C13:C23) -> 1997 | D24: Loading Total
A25: Supervisor Sign | D25: Checked By
A27: Sr.No. | B27: Delivery No | C27: Del Qty | D27: Total Scan | E27: pending
A28: 1
A29: 2
A30: 3
B31: Total

Sheet Indore-1
A5: GODREJ CONSUMER PRODUCTS LTD
A6: C/O RPM Logistics Pvt Ltd. Add- E - 2 Vadpa Village BHIWANDI-421302
A7: Loading Sheet | C7: GATE NO: | E7: Plan Time: 12:48
A8: Transport Name | B8: Coldstar | C8: 808950772 | E8: Date | F8: 30.10.2026 | G8: Weight | H8: 18MT
A9: Vehicle no | B9: RJ32GE1521 | C9: 808952393 | E9: Start Time | G9: Volum | H9: 53000
A10: Destination | B10: Indore-1 | E10: End Time | G10: Indent
A11: Driver No | B11: R R - 8000276529 | G11: GCPL-C121-O-12948
A12: Code | B12: Description | C12: Del Qty | D12: Priority | E12: MRP | F12: PKD | G12: Load Qty | H12: Remarks
A13: 40043571 | B13: *PA SC CLASSIC 84G M75 P48 | C13: 4 | J13: 1001154400
A14: 40063614 | B14: AER MATC CMBI RYL VANILLA 210ML P6 M599 | C14: 115
A15: 40063757 | B15: CIN HEALTH+ 38G NEW M10 P216 RSTRD | C15: 26 | D15: GIT
A16: 40065039 | B16: CIN ORG100G PO4 M175 P36 NEW MT | C16: 15 | D16: GIT | J16: 1006209846
A17: 40062023 | B17: EXPCRM 11G NBLK M15 P240 ND | C17: 142 | J17: 5128502
A18: 40064886 | B18: EZEE 500G M140 P24 50 % PCR | C18: 666
A19: 40065373 | B19: GODREJ FAB 800GM POUCH M99P14 | C19: 115 | J19: 1006209845
A20: 40041349 | B20: GP ColourPlay Shade 11.6 70g M370P24 | C20: 4 | J20: 5128501
A21: 40039418 | B21: GP Dimension Dev 10Vol 1000ml M800 P9 | C21: 5
A22: 40039359 | B22: GP Dimension Dev 20Vol 1000ml M800 P9 | C22: 10
A23: 40064248 | B23: GP DIMENSION SHADE 4G M440 70G P24 | C23: 10
A24: 40057096 | B24: GPCP12.13VRYLGTBLNDBEIG M370 70G P24 | C24: 2
A25: 40057097 | B25: GPCP12.7VRYLGHTBLDE MAT M370 70G P24 | C25: 3
A26: 40057095 | B26: GPCP4.26BRWNIRDSCNT RED M370 70G P24 | C26: 2
A27: 40057084 | B27: GPCP9.26VRYLGHTBLNRDIRD M370 70G P24 | C27: 4
A28: 40050209 | B28: GPDrkBlnd wth Brwn Reflc 6.870G M370 P24 | C28: 2
A29: 40062385 | B29: KS SPARK AER 120 ML M99 P48 NFR | C29: 3
A30: 40065157 | B30: KS SPARK MEGA 180ML M299 P72 NFR | C30: 40
A31: 40059656 | B31: KS SPARK POCKET 18ML M70 P160 GCPL | C31: 9
A32: 40059679 | B32: KS URGE POWSERIES 135ML M199 P24 GCPL | C32: 33
... A48: 40064088 | B48: PA NEO REFRESH 150ML B1G1 M250 P24 | C48: 14
A49: 40064428 | B49: PA SOAP PURE LXRY125GB3G1 M240 P27 N | C49: 1 | D49: GIT
A50: 40060646 | B50: PA STORM AER 150ML M225 P48 GCPL | C50: 1
A51: 40060423 | B51: PA TBLM (5+1) 40+8TSTR M225 P40 (8*6)INR | C51: 2
A52: 40059648 | B52: PA VOYAGE POCKET 18ML M70 P160 GCPL | C52: 2
A53: 40062347 | B53: SPIC TC 1L M189 P12 | C53: 100
A55: Driver Sign | C55: =SUM(C13:C54) -> 1391 | D55: Loading Total
A56: Supervisor Sign | D56: Checked By
A58: Sr.No. | B58: Delivery No | C58: Del Qty | D58: Total Scan | E58: pending
A59: 1
A60: 2
A61: 3
B62: Total
A64: Code | B64: Description | C64: Del Qty | D64: Priority | E64: MRP | F64: PKD | G64: Load Qty | H64: Remarks | J64: 1001154222 | K64: 1243.2
A65: 40065478 | B65: PA EDP CONQ 100ML M599P10 GT(10+2) RE | C65: 50 | D65: STI done | J65: 1006207664 | K65: 16359.278
A66: 40065477 | B66: PA EDP HARMONY 100ML M599P10 GT(10+2) RE | C66: 50 | D66: STI done | J66: 5128391
A67: 40061668 | B67: PA GM NEW AER 150ML M225 P48 | C67: 80 | D67: STI done
C69: =SUM(C65:C68) -> 180

Sheet C042-2
A5: GODREJ CONSUMER PRODUCTS LTD
A6: C/O RPM Logistics Pvt Ltd. Add- E - 2 Vadpa Village BHIWANDI-421302
A7: Loading Sheet | C7: GATE NO: | E7: Plan Time: 14:46
A8: Transport Name | B8: Transfer - 2 | C8: 808952356 | E8: Date | F8: 30.10.2026 | G8: Weight
A9: Vehicle no | E9: Start Time | G9: Volum
A10: Destination | B10: C042-2 | E10: End Time | G10: Indent
A11: Driver No
A12: Code | B12: Description | C12: Del Qty | D12: Priority | E12: MRP | F12: PKD | G12: Load Qty | H12: Remarks
A13: 40050728 | B13: *CIN SHAVING CREAM 20GLIME FRESH M27P72 | C13: 3 | D13: APO
A14: 40060030 | B14: AER MATIC REFILL ALIVE 225ML M249P18 | C14: 115 | D14: APO
A15: 40060034 | B15: AER MATIC SPRY RFILL VVB 210ML M249P18NF | C15: 30 | D15: APO | I15: 1001154347
A16: 40063169 | B16: AER PO4 POCKET ASRTED 40G M260 P36MT NWA | C16: 7 | D16: APO | I16: 7000640945
A17: 40063022 | B17: AER PO5 PWRPCKT ASSORTED M350P24 ECOM NF | C17: 70 | D17: APO
A18: 40063753 | B18: AER SPRAY COOLAQUA 180ML M99P24 | C18: 121 | D18: APO
A19: 40063689 | B19: AER SPRAY MYSTIC MUSK 180ML M99P24 | C19: 14 | D19: APO
A20: 40049729 | B20: AER SPRAY VIOLET VALLEY 220ml M99P24 | C20: 106 | D20: APO
A21: 40063016 | B21: EXPCRM 20G+20ML+2ML DBRN PO10 P240 M40ND | C21: 13 | D21: APO
A22: 40063427 | B22: EXPERT CRÃˆME NAT BWN PO8 M40 P240-MT ND | C22: 4 | D22: APO
A23: 40063605 | B23: GENTEEL 2KG POUCH M360P6 FL MT PRF | C23: 3 | D23: APO
A24: 40063606 | B24: GENTEEL 4KG POUCH M660 P3 TL PRF | C24: 10 | D24: APO
A25: 40063604 | B25: GENTEEL TL 2KG POUCH M340 P6 NEWPRF | C25: 182 | D25: APO | F25: 181
A26: 40065335 | B26: GK ACTIV+PO2 REFILL M185P120 RNF PCR ROI | C26: 1 | D26: APO
A27: 40065291 | B27: GODREJ FAB 4 KG MT POUCH M525 P3 | C27: 715 | D27: APO
A28: 40064109 | B28: GODREJ XPRSS SHC NTBLCK18MLPO4P36M120 ND | C28: 10 | D28: APO
A29: 40050411 | B29: HIT ANTI ROACH M199.00 P30 | C29: 41 | D29: APO
A30: 40063489 | B30: HIT FIK 625ML M350P25 .18MM 28% MFT NEW | C30: 16 | D30: APO
C32: =SUM(C13:C31) -> 1461
A34: Code | B34: Description | C34: Del Qty | D34: Priority | E34: MRP | F34: PKD | G34: Load Qty | H34: Remarks
A35: 40065157 | B35: KS SPARK MEGA 180ML M299 P72 NFR | C35: 150
A36: 40062519 | B36: KS10'S RIBBED M100 P480 NEWAW | C36: 5 | I36: 808952334
A37: 40064503 | B37: NO1 LIME&ALO 100GP5 M125 P36 RSTRD NF2 | C37: 1 | I37: 808952335
A38: 40064375 | B38: PA ALTER EGO NEW AER 150ML M250 P48 | C38: 2
A39: 40050073 | B39: PA EDP GOOD MORNING 50ML G M399 P12 | C39: 7
A40: 40057243 | B40: PA EDP OUD 100ML M599 P12 MT | C40: 100
A41: 40061668 | B41: PA GM NEW AER 150ML M225 P48 | C41: 150
A42: 40061999 | B42: PA GM POCKET 18ML M70 P160 GCPL | C42: 44
A43: 40063539 | B43: PA NEO NEW AER 190ML M299 P72 | C43: 100
A44: 40049949 | B44: PA SIGNATURE COLLECTION KIT M899P6 | C44: 80
C46: =SUM(C35:C45) -> 639
A47: Driver Sign | D47: Loading Total
A48: Supervisor Sign | D48: Checked By
A50: Sr.No. | B50: Delivery No | C50: Del Qty | D50: Total Scan | E50: pending
A51: 1
A52: 2
A53: 3
B54: Total

Sheet C042-3
A5: GODREJ CONSUMER PRODUCTS LTD
A6: C/O RPM Logistics Pvt Ltd. Add- E - 2 Vadpa Village BHIWANDI-421302
A7: Loading Sheet | C7: GATE NO: | E7: Plan Time: 14:49
A8: Transport Name | B8: C042-3 | E8: Date | F8: 30.10.2026 | G8: Weight
A9: Vehicle no | E9: Start Time | G9: Volum
A10: Destination | B10: Transfer-3 | E10: End Time | G10: Indent
A11: Driver No
A12: Code | B12: Description | C12: Del Qty | D12: Priority | E12: MRP | F12: PKD | G12: Load Qty | H12: Remarks
A13: 40050411 | B13: HIT ANTI ROACH M199.00 P30 | C13: 60 | E13: 60 | K13: =+C13-'C042-2'!C24 -> 50
A14: 40050728 | B14: *CIN SHAVING CREAM 20GLIME FRESH M27P72 | C14: 2 | E14: 2 | K14: =+C14-'C042-2'!C25 -> -180
A15: 40060034 | B15: AER MATIC SPRY RFILL VVB 210ML M249P18NF | C15: 19 | E15: 19 | K15: =+C15-'C042-2'!C26 -> 18
A16: 40063489 | B16: HIT FIK 625ML M350P25 .18MM 28% MFT NEW | C16: 12 | E16: 12 | I16: 7000640967 | K16: =+C16-'C042-2'!C27 -> -703
A17: 40063689 | B17: AER SPRAY MYSTIC MUSK 180ML M99P24 | C17: 22 | E17: 22 | K17: =+C17-'C042-2'!C28 -> 12
A18: 40063753 | B18: AER SPRAY COOLAQUA 180ML M99P24 | C18: 119 | E18: 119 | K18: =+C18-'C042-2'!C29 -> 78
A19: 40065335 | B19: GK ACTIV+PO2 REFILL M185P120 RNF PCR ROI | C19: 3 | E19: 3 | K19: =+C19-'C042-2'!C30 -> -13
A20: 40060033 | B20: AER MATIC REFILL PASSION 225ML M249P18 | C20: 141 | E20: 141
A21: 40060029 | B21: AER MATIC SPRAY REFILL FLG 210ML M249P18 | C21: 15 | E21: 15
A22: 40062345 | B22: AER O CARAMEL LATTE 7.5G M99P60 | C22: 10 | E22: 10
A23: 40063752 | B23: AER SPRAY CITRUS BLAST 180ML M99P24 | C23: 56 | E23: 0
A24: 40063700 | B24: AER SPRAY FOREST FRESH 180ML M99P24 | C24: 52 | E24: 52
A25: 40041526 | B25: AER SPRAY FRESHLUSHGREEN220ml M169P24new | C25: 30 | E25: 30
A26: 40063699 | B26: AER SPRAY JASMINEDELIGHT 180ML M99P24 | C26: 33 | E26: 33
A27: 40063688 | B27: AER SPRAY LAVENDERBLOOM 180ML M99P24 | C27: 106 | E27: 106
A28: 40063747 | B28: AER SPRAY ROSEBLOSSOM 180ML M99P24 | C28: 62 | E28: 62
A29: 40063794 | B29: AER SPRAY SANDAL BLISS 180ML M99P24 | C29: 4 | E29: 4
A30: 40049654 | B30: Cin Lime Bdywash Bottle 200ml M 120P30 | C30: 5 | E30: 5
A31: 40049658 | B31: Cin Org Bdywash Bottle 200ml M120 P30 | C31: 20 | E31: 20
... A51: 40064913 | B51: HIT RAT GLUE 25G M65 P100 BLUE ART | C51: 6 | E51: 6
A53: Driver Sign | C53: =SUM(C13:C51) -> 1491 | D53: Loading Total | E53: =SUM(E13:E52) -> 1435
A54: Supervisor Sign | D54: Checked By
A56: Sr.No. | B56: Delivery No | C56: Del Qty | D56: Total Scan | E56: pending
A57: 1
A58: 2
A59: 3
B60: Total

Sheet C042-4
A5: GODREJ CONSUMER PRODUCTS LTD
A6: C/O RPM Logistics Pvt Ltd. Add- E - 2 Vadpa Village BHIWANDI-421302
A7: Loading Sheet | C7: GATE NO: | E7: Plan Time: 14:50
A8: Transport Name | B8: C042-4 | E8: Date | F8: 30.10.2026 | G8: Weight
A9: Vehicle no | E9: Start Time | G9: Volum
A10: Destination | B10: Transfer-4 | E10: End Time | G10: Indent
A11: Driver No
A12: Code | B12: Description | C12: Del Qty | D12: Priority | E12: MRP | F12: PKD | G12: Load Qty | H12: Remarks
A13: 40063018 | B13: AERPOWERPOCKET BERRYRUSH 10G M70P120 NF | C13: 119 | E13: 119
A14: 40063025 | B14: AERPWRPCKT JASFLORDELI 10G M70P120 NF | C14: 200 | E14: 200
A15: 40063021 | B15: AERPWRPCKT LAV BLOOM 10G M70P120NP | C15: 14 | E15: 14
A16: 40063421 | B16: AERPWRPCKT LEMTANGYDEL 10G M70P120 | C16: 100 | E16: 100
A17: 40063020 | B17: AERPWRPCKT ROSEFRBLOSSM 10G M70P120NP NF | C17: 44 | E17: 44 | I17: 808952947
A18: 40064998 | B18: CIN COOL 100G SINGLES M45 P150 NEW RSTRD | C18: 6 | E18: 6
A19: 40063757 | B19: CIN HEALTH+ 38G NEW M10 P216 RSTRD | C19: 99 | E19: 99 | I19: 7000640969
A20: 40064999 | B20: CIN LIME 100G SINGLES M45 P150 NEW RSTRD | C20: 55 | E20: 0
A21: 40064157 | B21: CIN LIME 75G PO4M105 P50 RSTRD | C21: 174 | E21: 0
A22: 40060535 | B22: CIN SHAVING CREAM LIME FRESH 78G M80 P72 | C22: 2 | E22: 2
A23: 40060996 | B23: CIN SHAVING CREAM MENTHOL 78G M80P72 | C23: 34 | E23: 34
A24: 40061000 | B24: CINORIGINALTALC300G M190 P24 | C24: 5 | E24: 5
A25: 40063179 | B25: EXPCRM 20G+20G+2ML P010 NBLK P240 M40 ND | C25: 88 | E25: 88
A26: 40064886 | B26: EZEE 500G M140 P24 50 % PCR | C26: 177 | E26: 29
A27: 40065002 | B27: GODPROTEKTNEEM9GM110P40 (11+1) | C27: 1 | E27: 0
A28: 40062518 | B28: KS20'S RIBBED M200 P480 NEWAW | C28: 20 | E28: 20
A29: 40064855 | B29: NO1 COCONM 100G PO5 M115 P36 NDRSTRD NF2 | C29: 1 | E29: 0
A30: 40049906 | B30: PA AMAZONWOODS 120ML M349 P24 GCPL | C30: 147 | E30: 147
A31: 40064472 | B31: PA EDP TWINPCK EUPHO+ HARMONY M1599P10 | C31: 30 | E31: 30
... A35: 40064558 | B35: PA SOAPGOOD MRNG4X125GPO4M320 P27GCPL | C35: 40 | E35: 40
A37: Driver Sign | C37: =SUM(C13:C36) -> 1451 | D37: Loading Total | E37: =SUM(E13:E36) -> 1072
A38: Supervisor Sign | D38: Checked By
A40: Sr.No. | B40: Delivery No | C40: Del Qty | D40: Total Scan | E40: pending
A41: 1
A42: 2
A43: 3
B44: Total

Sheet AHMD-1
I1: 16930.32 | J1: 62793227
I2: 7671.96 | J2: 29545351
A5: GODREJ CONSUMER PRODUCTS LTD
A6: C/O RPM Logistics Pvt Ltd. Add- E - 2 Vadpa Village BHIWANDI-421302
A7: Loading Sheet | C7: GATE NO: | E7: Plan Time: 15:00
A8: Transport Name | B8: Kapoor | C8: 808951579 | E8: Date | F8: 30.10.2026 | G8: Weight | H8: 25MT
A9: Vehicle no | B9: RJ09GE6858 | C9: 808951584 | E9: Start Time | G9: Volum | H9: 10000
A10: Destination | B10: AHMD-1 | C10: 808952866 | E10: End Time | G10: Indent
A11: Driver No | B11: R R - 7974907236 | C11: 808951594 | G11: GCPL-C121-O-12947
A12: Code | B12: Description | C12: Del Qty | D12: Priority | E12: MRP | F12: PKD | G12: Load Qty | H12: Remarks
A13: 40060030 | B13: AER MATIC REFILL ALIVE 225ML M249P18 | C13: 100
A14: 40065278 | B14: AER PLUG VIOLET BLOOM 1M+2R M275P24 NC | C14: 150
A15: 40063747 | B15: AER SPRAY ROSEBLOSSOM 180ML M99P24 | C15: 105
A16: 40063018 | B16: AERPOWERPOCKET BERRYRUSH 10G M70P120 NF | C16: 100
A17: 40063025 | B17: AERPWRPCKT JASFLORDELI 10G M70P120 NF | C17: 150
A18: 40063021 | B18: AERPWRPCKT LAV BLOOM 10G M70P120NP | C18: 200 | I18: 1006210212
A19: 40063020 | B19: AERPWRPCKT ROSEFRBLOSSM 10G M70P120NP NF | C19: 100 | I19: 5128546
A20: 40064562 | B20: CIN LIME 150G PO5 M330 P12 NEW MT RSTRD | C20: 200
A21: 40062023 | B21: EXPCRM 11G NBLK M15 P240 ND | C21: 200
A22: 40063178 | B22: EXPCRM 20G+20ML+2ML BKBRN PO10P240M40ND | C22: 126
A23: 40063168 | B23: EXPCRM 20G+20ML+2ML P010 NTBRN P240M40ND | C23: 215
A24: 40065917 | B24: GK FLASH COMBI M120 P60 RNF PCB ROI | C24: 200
A25: 40065915 | B25: GK FLASH LAV COMBI M120 P60 RNF PCB | C25: 157
A26: 40065336 | B26: GK FLASHREFILL PO4 M365P60 EC RNF CAF RS | C26: 128
A27: 40060517 | B27: GODMAGCRTMHWNEEMREF9GP18 M10P360SRP20MT | C27: 100
A28: 40063483 | B28: HIT CIK 200ML M110 P60 0.18MM NEW L 33% | C28: 220
A29: 40060914 | B29: NO1 SAN TUR 150G PO4 M190P24MT ND RSTRD | C29: 300
C31: =SUM(C13:C30) -> 2751
B32: AHMD-1 - 808951594
A33: Code | B33: Description | C33: Del Qty | D33: Priority | E33: MRP | F33: PKD | G33: Load Qty | H33: Remarks
A34: 40049906 | B34: PA AMAZONWOODS 120ML M349 P24 GCPL | C34: 50
A35: 40060737 | B35: PA ASL GM 45ML TRAVEL PACK G M85P72 | C35: 5
A36: 40050073 | B36: PA EDP GOOD MORNING 50ML G M399 P12 | C36: 5
A37: 40064472 | B37: PA EDP TWINPCK EUPHO+ HARMONY M1599P10 | C37: 30 | D37: GIT
A38: 40049949 | B38: PA SIGNATURE COLLECTION KIT M899P6 | C38: 10
A39: 40064430 | B39: PA SOAP PURE LXRY 4X125GPO4 M320 P27GCPL | C39: 2 | D39: GIT
A40: 40064428 | B40: PA SOAP PURE LXRY125GB3G1 M240 P27 N | C40: 19 | D40: GIT
A41: 40064558 | B41: PA SOAPGOOD MRNG4X125GPO4M320 P27GCPL | C41: 10 | D41: GIT
C43: =SUM(C34:C42) -> 131
A44: Driver Sign | D44: Loading Total
A45: Supervisor Sign | D45: Checked By
A47: Sr.No. | B47: Delivery No | C47: Del Qty | D47: Total Scan | E47: pending
A48: 1
A49: 2
A50: 3
B51: Total
B54: AHMD-1
A55: 40065917 | B55: GK FLASH COMBI M120 P60 RNF PCB ROI | C55: 300 | D55: CFA

Sheet AHMD-2
I1: 6355.33 | J1: 26094198
I2: 11600.24 | J2: 35395403
A5: GODREJ CONSUMER PRODUCTS LTD
A6: C/O RPM Logistics Pvt Ltd. Add- E - 2 Vadpa Village BHIWANDI-421302
A7: Loading Sheet | C7: GATE NO: | E7: Plan Time: 15:19
A8: Transport Name | B8: Kapoor | C8: 808951625 | E8: Date | F8: 30.10.2026 | G8: Weight | H8: 18MT
A9: Vehicle no | B9: NL01AE2938 | C9: 808951635 | E9: Start Time | G9: Volum | H9: 62000
A10: Destination | B10: AHMD-2 | C10: 808952841 | E10: End Time | G10: Indent
A11: Driver No | B11: R R - 9116911697 | C11: 808952842 | G11: GCPL-C121-O-12964
A12: Code | B12: Description | C12: Del Qty | D12: Priority | E12: MRP | F12: PKD | G12: Load Qty | H12: Remarks
A13: 40043571 | B13: *PA SC CLASSIC 84G M75 P48 | C13: 15 | E13: 15
A14: 40043584 | B14: *PA SC GOOD MORNING 84G M75 P48 | C14: 10 | E14: 10
A15: 40062265 | B15: AER MATIC SPRAY REF CSB 210ML M249P18 NP | C15: 50 | E15: 50
A16: 40060029 | B16: AER MATIC SPRAY REFILL FLG 210ML M249P18 | C16: 35 | E16: 35
A17: 40060034 | B17: AER MATIC SPRY RFILL VVB 210ML M249P18NF | C17: 200 | E17: 200 | I17: 1006210180
A18: 40062345 | B18: AER O CARAMEL LATTE 7.5G M99P60 | C18: 34 | E18: 34 | I18: 5128542
A19: 40041315 | B19: AER O coolaqua 7.5g M99 PO60 | C19: 78 | E19: 78 | I19: 5128541
A20: 40062464 | B20: AER O ORANGE PUNCH 7.5G M99P60 | C20: 27 | E20: 27 | I20: 1006210178
A21: 40062014 | B21: AER PLUG REFILL V BLOOM 25ML 2R M199P36 | C21: 5 | E21: 5
A22: 40064164 | B22: AER PLUG ROSE BLOSSOM COMBI1M+2R M275P24 | C22: 9 | E22: 9
A23: 40050858 | B23: AER PO3 POWERPOCKET ASSORTED M195P36ECOM | C23: 4 | E23: 0
A24: 40063022 | B24: AER PO5 PWRPCKT ASSORTED M350P24 ECOM NF | C24: 65 | E24: 65
A25: 40063752 | B25: AER SPRAY CITRUS BLAST 180ML M99P24 | C25: 41 | E25: 0
A26: 40063753 | B26: AER SPRAY COOLAQUA 180ML M99P24 | C26: 40 | E26: 40
A27: 40063700 | B27: AER SPRAY FOREST FRESH 180ML M99P24 | C27: 12 | E27: 12
A28: 40063699 | B28: AER SPRAY JASMINEDELIGHT 180ML M99P24 | C28: 26 | E28: 26
A29: 40063688 | B29: AER SPRAY LAVENDERBLOOM 180ML M99P24 | C29: 75 | E29: 75
A30: 40063689 | B30: AER SPRAY MYSTIC MUSK 180ML M99P24 | C30: 25 | E30: 25
A31: 40063794 | B31: AER SPRAY SANDAL BLISS 180ML M99P24 | C31: 1 | E31: 1
A32: 40049729 | B32: AER SPRAY VIOLET VALLEY 220ml M99P24 | C32: 17 | E32: 17
... A34: 40065167 | B34: AERPWRPCKT PO3 LMN TAN M195P36 NEW | C34: 1 | E34: 1
A35: 40063581 | B35: CIN COOL 75G PO4 M110 P50 NEWRSTRD | C35: 34 | D35: GIT | E35: 34
A36: 40057928 | B36: CIN COOL BDYWASH BOTTLE 200ML M120P30 | C36: 30 | E36: 30
A37: 40063757 | B37: CIN HEALTH+ 38G NEW M10 P216 RSTRD | C37: 130 | D37: GIT | E37: 130
A38: 40063808 | B38: CIN LIME 100G B4G1 M180P36 GT(ROI)RSTRD | C38: 30 | E38: 0
A39: 40063756 | B39: CIN LIME 38G SING M10 P216 RSTRD | C39: 31 | E39: 31
A40: 40059774 | B40: CIN LIME BDYWASH BOTTLE 750ML M330P12 | C40: 5 | E40: 5
A41: 40049658 | B41: Cin Org Bdywash Bottle 200ml M120 P30 | C41: 5 | E41: 5
A42: 40065039 | B42: CIN ORG100G PO4 M175 P36 NEW MT | C42: 4 | D42: GIT | E42: 4
A43: 40060449 | B43: CIN SANDAL BDYWASH BOTTLE 200ML M120P30 | C43: 5 | E43: 5
A44: 40060450 | B44: CIN SANDAL BDYWASH BOTTLE 750ML M330P12 | C44: 5 | E44: 5
A45: 40060535 | B45: CIN SHAVING CREAM LIME FRESH 78G M80 P72 | C45: 7 | E45: 7
A46: 40061000 | B46: CINORIGINALTALC300G M190 P24 | C46: 11 | E46: 11
A47: 40063637 | B47: EXPCRM 11G BURGUNDY M15 P240 ND | C47: 29 | E47: 29
A48: 40063016 | B48: EXPCRM 20G+20ML+2ML DBRN PO10 P240 M40ND | C48: 32 | E48: 32
A49: 40064885 | B49: EZEE 250G M75 P60 50% PCR | C49: 19 | E49: 19
A50: 40064886 | B50: EZEE 500G M140 P24 50 % PCR | C50: 5 | E50: 5
A51: 40064881 | B51: EZEE 900GM BT M240P12 50%PCR NFOANP TMT | C51: 24 | E51: 24
A52: 40065346 | B52: GK ACTIV+ PO6 M549P40 ECOM RNF PCR | C52: 5 | E52: 5
A53: 40063659 | B53: GK COIL ADV LOWSMOKE 12HR M47 P60 HP | C53: 50 | E53: 50
A54: 40065256 | B54: GK COIL GREENSHAKTI LSC12HR M49 P60 HP | C54: 1 | E54: 1
... A93: 40064728 | B93: NO1 LIMALO 150G PO4 M190P24MT RSTRD NF2 | C93: 94 | E93: 94
A94: 40063198 | B94: NO1 RSEWTR ALMND 43G PO4M40P54 RSTRD NF2 | C94: 1 | D94: GIT | E94: 1
A95: 40063805 | B95: NUPUR HEENA 35G M15 P324 -CO | C95: 24 | E95: 24
A96: 40050590 | B96: NUPUR PURE HEENA 10GHDPE BAG M5.00 P600 | C96: 2 | E96: 2
A97: 40059401 | B97: NUPUR PURE HENNA 140G M80 P72 NEW | C97: 8 | E97: 8
A98: 40063685 | B98: PROTET GRMFIGHTHW LIM&EUREF650ML M99P18 | C98: 25 | E98: 25
A99: 40063686 | B99: PROTKT GRMFIGHTERHW AQUAREF650ML M99P18 | C99: 67 | E99: 67
A100: 40064535 | B100: PRT GRMFIGHT REF HW AQUA1500ML M199P6 NF | C100: 20 | E100: 20
A101: 40064709 | B101: SPIC TC 200ML M35 P48 | C101: 9 | E101: 9
A102: 40057928 | C102: 20 | E102: 20
A104: Driver Sign | C104: =SUM(C13:C103) -> 2212 | D104: Loading Total | E104: =SUM(E13:E103) -> 2137
A105: Supervisor Sign | D105: Checked By
A107: Sr.No. | B107: Delivery No | C107: Del Qty | D107: Total Scan | E107: pending
A108: 1
A109: 2
A110: 3
B111: Total

Sheet Tepla-1
I1: 10974.96 | J1: 37732179
I2: 6959.88 | J2: 25453587
A5: GODREJ CONSUMER PRODUCTS LTD
A6: C/O RPM Logistics Pvt Ltd. Add- E - 2 Vadpa Village BHIWANDI-421302
A7: Loading Sheet | C7: GATE NO: | E7: Plan Time: 15:28
A8: Transport Name | B8: One Point | C8: 808951659 | E8: Date | F8: 30.10.2026 | G8: Weight | H8: 18MT
A9: Vehicle no | B9: HR68C2473 | C9: 808951667 | E9: Start Time | G9: Volum | H9: 63000
A10: Destination | B10: Tepla-1 | C10: 808952833 | E10: End Time | G10: Indent
A11: Driver No | B11: R R - 9729653415 | G11: GCPL-C121-M-12966
A12: Code | B12: Description | C12: Del Qty | D12: Priority | E12: MRP | F12: PKD | G12: Load Qty | H12: Remarks
A13: 40043571 | B13: *PA SC CLASSIC 84G M75 P48 | C13: 75
A14: 40060030 | B14: AER MATIC REFILL ALIVE 225ML M249P18 | C14: 1000
A15: 40060029 | B15: AER MATIC SPRAY REFILL FLG 210ML M249P18 | C15: 81
A16: 40063407 | B16: AERPWRPCKT JASFLORDELI 10G M70P120 | C16: 200 | D16: T T | I16: 1006210173
A17: 40060450 | B17: CIN SANDAL BDYWASH BOTTLE 750ML M330P12 | C17: 150 | I17: 5128540
A18: 40059605 | B18: EZEE 36G SACHET(12UX18N) M10 P216 NEWPCK | C18: 200 | D18: T T | I18: 5128539
A19: 40063612 | B19: KALI MEHENDI 3G X8 SACHETS P45 M120 NFR | C19: 1 | I19: 1006210172
A20: 40062332 | B20: KS10'S SKINFEEL M180 P480 NEWAW | C20: 50
A21: 40062523 | B21: KS10'S STRAWBERRYFLV M100 P480 NEWAW | C21: 200
A22: 40058326 | B22: PA AMAZONWOODS 120ML M225 P48 (8*6)INNER | C22: 80 | D22: CFA
A23: 40060738 | B23: PA ASL GM 50ML (AUTOMIZER) G M135P18 | C23: 48
A24: 40049949 | B24: PA SIGNATURE COLLECTION KIT M899P6 | C24: 250
A25: 40063685 | B25: PROTET GRMFIGHTHW LIM&EUREF650ML M99P18 | C25: 128
A26: 40064535 | B26: PRT GRMFIGHT REF HW AQUA1500ML M199P6 NF | C26: 200
A28: Driver Sign | C28: =SUM(C13:C27) -> 2663 | D28: Loading Total
A29: Supervisor Sign | D29: Checked By
A31: Sr.No. | B31: Delivery No | C31: Del Qty | D31: Total Scan | E31: pending
A32: 1
A33: 2
A34: 3
B35: Total

Sheet PUNE-1
I1: 7167.44 | J1: 25742365
I2: 1943.062 | J2: 5543136.8
I3: 7776.634 | J3: 32028441
A5: GODREJ CONSUMER PRODUCTS LTD
A6: C/O RPM Logistics Pvt Ltd. Add- E - 2 Vadpa Village BHIWANDI-421302
A7: Loading Sheet | C7: GATE NO: | E7: Plan Time: 15:52
A8: Transport Name | B8: ANAND | C8: 808951695 | E8: Date | F8: 30.10.2026 | G8: Weight | H8: 17MT
A9: Vehicle no | B9: MH12UM3900 | C9: 808951699 | E9: Start Time | G9: Volum | H9: 65000
A10: Destination | B10: PUNE | C10: 808951731 | E10: End Time | G10: Indent
A11: Driver No | B11: RR. 6397638558 | C11: 808952881 | G11: GCPL-C121-O-12953
A12: Code | B12: Description | C12: Del Qty | D12: Priority | E12: MRP | F12: PKD | G12: Load Qty | H12: Remarks | I12: 4400600881
A13: 40063614 | B13: AER MATC CMBI RYL VANILLA 210ML P6 M599 | C13: 100 | E13: 100
A14: 40060030 | B14: AER MATIC REFILL ALIVE 225ML M249P18 | C14: 100 | E14: 100
A15: 40062265 | B15: AER MATIC SPRAY REF CSB 210ML M249P18 NP | C15: 50 | E15: 50
A16: 40056914 | B16: AER MATIC SPRAY REFILL CSB 210ML M315P18 | C16: 3 | E16: 0
A17: 40060029 | B17: AER MATIC SPRAY REFILL FLG 210ML M249P18 | C17: 12 | E17: 12 | I17: 7000640966
A18: 40060032 | B18: AER MATIC SPRY RFILL PCP210ML M249P18 NF | C18: 23 | E18: 23
A19: 40060034 | B19: AER MATIC SPRY RFILL VVB 210ML M249P18NF | C19: 100 | E19: 100
A20: 40062301 | B20: AER O AERO ASSORTED P03 NS22.5G M285 P20 | C20: 9 | E20: 9
A21: 40041316 | B21: AER O muskaftsmoke 7.5g M99 PO60 | C21: 19 | E21: 19
A22: 40062464 | B22: AER O ORANGE PUNCH 7.5G M99P60 | C22: 14 | E22: 14
A23: 40041325 | B23: AER O Roseblossom 7.5g M99 PO60 | C23: 54 | E23: 54
A24: 40065278 | B24: AER PLUG VIOLET BLOOM 1M+2R M275P24 NC | C24: 120 | E24: 120
A25: 40063169 | B25: AER PO4 POCKET ASRTED 40G M260 P36MT NWA | C25: 80 | E25: 80
A26: 40063022 | B26: AER PO5 PWRPCKT ASSORTED M350P24 ECOM NF | C26: 65 | E26: 65
A27: 40063794 | B27: AER SPRAY SANDAL BLISS 180ML M99P24 | C27: 5 | E27: 5
A28: 40063018 | B28: AERPOWERPOCKET BERRYRUSH 10G M70P120 NF | C28: 100 | E28: 100
A29: 40063421 | B29: AERPWRPCKT LEMTANGYDEL 10G M70P120 | C29: 100 | D29: GIT | E29: 0
A30: 40063020 | B30: AERPWRPCKT ROSEFRBLOSSM 10G M70P120NP NF | C30: 100 | E30: 100
A31: 40063808 | B31: CIN LIME 100G B4G1 M180P36 GT(ROI)RSTRD | C31: 60 | E31: 0
A32: 40063781 | B32: CIN LIME 75G PO4M110 P50ROI RSTRD | C32: 76 | E32: 76
A33: 40063698 | B33: CIN ORIGINAL 33G M10 P240 | C33: 1 | E33: 1
A34: 40061084 | B34: CIN TALC LIME 300G M190 P24 | C34: 3 | E34: 3
A35: 40061000 | B35: CINORIGINALTALC300G M190 P24 | C35: 4 | E35: 4
A36: 40063016 | B36: EXPCRM 20G+20ML+2ML DBRN PO10 P240 M40ND | C36: 8 | E36: 8
A37: 40063168 | B37: EXPCRM 20G+20ML+2ML P010 NTBRN P240M40ND | C37: 13 | E37: 13
A38: 40042647 | B38: Expert Crème Nt Blk PO8 M37 P240 MT | C38: 2 | E38: 0
A39: 40065292 | B39: FAB FRONT LOAD 800GM NEW AW P12 M130 EC | C39: 50 | E39: 50
A40: 40065335 | B40: GK ACTIV+PO2 REFILL M185P120 RNF PCR ROI | C40: 8 | E40: 8
A41: 40044138 | B41: GK Fabric RollOn 8ml M85P48 mildbloom MT | C41: 23 | E41: 23
... A45: 40041820 | B45: GodMag RTMFlrClnrLavRef55mlPO8M40P128 | C45: 3 | E45: 3
A46: 40065002 | B46: GODPROTEKTNEEM9GM110P40 (11+1) | C46: 83 | D46: GIT | E46: 0
A47: 40065002 | B47: GODPROTEKTNEEM9GM110P40 (11+1) | C47: 17 | E47: 17
A48: 40064108 | B48: GODREJ XPRESS NBRWN18ML PO4 P36 M120 ND | C48: 5 | E48: 5
A49: 40064109 | B49: GODREJ XPRSS SHC NTBLCK18MLPO4P36M120 ND | C49: 10 | E49: 10
A50: 40050877 | B50: HIT CHALK M20 P360 | C50: 17 | E50: 17
A51: 40063500 | B51: HIT FIK 125ML M90 P90 NEW L MFT | C51: 6 | E51: 6
A52: 40064727 | B52: NO1 KESARMC 150G PO4 M200P24MT RSTRD NF2 | C52: 110 | E52: 110
A53: 40064497 | B53: NO1 SAN& T 100G PO5 M125 P36 RSTRD NF2 | C53: 100 | E53: 100
A54: 40059401 | B54: NUPUR PURE HENNA 140G M80 P72 NEW | C54: 56 | E54: 56
A55: 40062859 | B55: PA VOYAGE AER 150ML B1G1 M250 P24 GCPL | C55: 11 | E55: 11
A56: 40063758 | C56: 20 | E56: 20
A58: Driver Sign | C58: =SUM(C13:C57) -> 2012 | D58: Loading Total | E58: =SUM(E13:E57) -> 1764
A59: Supervisor Sign | D59: Checked By
A61: Sr.No. | B61: Delivery No | C61: Del Qty | D61: Total Scan | E61: pending
A62: 1
A63: 2
A64: 3
B65: Total

Sheet PUNE-2
I1: 8771.08 | J1: 25000
A5: GODREJ CONSUMER PRODUCTS LTD
A6: C/O RPM Logistics Pvt Ltd. Add- E - 2 Vadpa Village BHIWANDI-421302
A7: Loading Sheet | C7: GATE NO: | E7: Plan Time: 16:03
A8: Transport Name | B8: SUBHAM | C8: 808951784 | E8: Date | F8: 30.10.2026 | G8: Weight | H8: 9MT
A9: Vehicle no | B9: MH14KA5365 | C9: 808952388 | E9: Start Time | G9: Volum | H9: 25000
A10: Destination | B10: PUNE-2 | C10: 808952517 | E10: End Time | G10: Indent
A11: Driver No | B11: RR. 9766225219 | G11: GCPL-C121-O-12952
A12: Code | B12: Description | C12: Del Qty | D12: Priority | E12: MRP | F12: PKD | G12: Load Qty | H12: Remarks | I12: 4400600882 | J12: 4400600903
A13: 40063025 | B13: AERPWRPCKT JASFLORDELI 10G M70P120 NF | C13: 200 | G13: 200
A14: 40063021 | B14: AERPWRPCKT LAV BLOOM 10G M70P120NP | C14: 150 | D14: GIT | G14: 150 | I14: 1001154408
A15: 40064157 | B15: CIN LIME 75G PO4M105 P50 RSTRD | C15: 242 | D15: GIT | G15: 0
A16: 40063179 | B16: EXPCRM 20G+20G+2ML P010 NBLK P240 M40 ND | C16: 100 | D16: GIT | G16: 0 | I16: 7000640957
A17: 40064503 | B17: NO1 LIME&ALO 100GP5 M125 P36 RSTRD NF2 | C17: 120 | G17: 120
A18: 40059678 | B18: PA TRANCE MIST 135ML M199 P24 GCPL | C18: 60 | D18: GIT | G18: 60
A19: 40063581 | B19: CIN COOL 75G PO4 M110 P50 NEWRSTRD | C19: 65 | G19: 65
A20: 40063757 | B20: CIN HEALTH+ 38G NEW M10 P216 RSTRD | C20: 50 | G20: 50
A21: 40064503 | B21: NO1 LIME&ALO 100GP5 M125 P36 RSTRD NF2 | C21: 60 | G21: 60
A22: 40063685 | B22: PROTET GRMFIGHTHW LIM&EUREF650ML M99P18 | C22: 50 | G22: 50
A23: 40063686 | B23: PROTKT GRMFIGHTERHW AQUAREF650ML M99P18 | C23: 75 | G23: 75
A27: Driver Sign | C27: =SUM(C13:C26) -> 1172 | D27: Loading Total | G27: =SUM(G13:G26) -> 830
A28: Supervisor Sign | D28: Checked By
A30: Sr.No. | B30: Delivery No | C30: Del Qty | D30: Total Scan | E30: pending
A31: 1
A32: 2
A33: 3
B34: Total

Sheet PUNE-3
I1: 6852.13 | J1: 23791020
I2: 2760.285 | J2: 4540621.1
I3: 5227.8 | J3: 10125198
A5: GODREJ CONSUMER PRODUCTS LTD
A6: C/O RPM Logistics Pvt Ltd. Add- E - 2 Vadpa Village BHIWANDI-421302
A7: Loading Sheet | C7: GATE NO: | E7: Plan Time: 16:23
A8: Transport Name | B8: COLD STAR | C8: 808951844 | E8: Date | F8: 30.10.2026 | G8: Weight | H8: 15MT
A9: Vehicle no | B9: RJ11GC5155 | E9: Start Time | G9: Volum | H9: 40000
A10: Destination | B10: PUNE-3 | E10: End Time | G10: Indent
A11: Driver No | B11: RR. 9729643295 | G11: GCPL-C121-O-12954
A12: Code | B12: Description | C12: Del Qty | D12: Priority | E12: MRP | F12: PKD | G12: Load Qty | H12: Remarks | I12: 4400600883
A13: 40050728 | B13: *CIN SHAVING CREAM 20GLIME FRESH M27P72 | C13: 37 | E13: 37
A14: 40050204 | B14: *FreshGlow 100g PO4 M175 P36 New | C14: 3 | E14: 3
A15: 40060033 | B15: AER MATIC REFILL PASSION 225ML M249P18 | C15: 11 | E15: 11 | I15: 808952808
A16: 40062345 | B16: AER O CARAMEL LATTE 7.5G M99P60 | C16: 7 | E16: 7
A17: 40062014 | B17: AER PLUG REFILL V BLOOM 25ML 2R M199P36 | C17: 20 | E17: 20
A18: 40064164 | B18: AER PLUG ROSE BLOSSOM COMBI1M+2R M275P24 | C18: 10 | E18: 10
A19: 40063752 | B19: AER SPRAY CITRUS BLAST 180ML M99P24 | C19: 12 | E19: 0
A20: 40063699 | B20: AER SPRAY JASMINEDELIGHT 180ML M99P24 | C20: 1 | E20: 1 | J20: 7000640962
A21: 40064998 | B21: CIN COOL 100G SINGLES M45 P150 NEW RSTRD | C21: 11 | D21: GIT | E21: 0
A22: 40064957 | B22: CIN COOL 150G PO4 M225 P24 BANDED RSTRD | C22: 30 | E22: 30
A23: 40064999 | B23: CIN LIME 100G SINGLES M45 P150 NEW RSTRD | C23: 55 | D23: GIT | E23: 0
A24: 40049658 | B24: Cin Org Bdywash Bottle 200ml M120 P30 | C24: 10 | E24: 10
A25: 40065039 | B25: CIN ORG100G PO4 M175 P36 NEW MT | C25: 10 | D25: GIT | E25: 10
A26: 40060449 | B26: CIN SANDAL BDYWASH BOTTLE 200ML M120P30 | C26: 20 | E26: 20
A27: 40060450 | B27: CIN SANDAL BDYWASH BOTTLE 750ML M330P12 | C27: 5 | E27: 5
A28: 40060535 | B28: CIN SHAVING CREAM LIME FRESH 78G M80 P72 | C28: 3 | E28: 3
A29: 40060996 | B29: CIN SHAVING CREAM MENTHOL 78G M80P72 | C29: 8 | E29: 8
A30: 40063637 | B30: EXPCRM 11G BURGUNDY M15 P240 ND | C30: 5 | E30: 5
A31: 40062024 | B31: EXPCRM 11G NAT BRWN M15 P240 ND | C31: 49 | E31: 49
A32: 40064885 | B32: EZEE 250G M75 P60 50% PCR | C32: 10 | E32: 10
A33: 40064883 | B33: EZEE 2KG POUCH M460 P6 NF OA NEW PACK | C33: 100 | D33: GIT | E33: 0
A34: 40064886 | B34: EZEE 500G M140 P24 50 % PCR | C34: 66 | E34: 66
A35: 40064881 | B35: EZEE 900GM BT M240P12 50%PCR NFOANP TMT | C35: 8 | E35: 8
A36: 40063606 | B36: GENTEEL 4KG POUCH M660 P3 TL PRF | C36: 10 | E36: 10
A37: 40063604 | B37: GENTEEL TL 2KG POUCH M340 P6 NEWPRF | C37: 18 | E37: 15
A38: 40065256 | B38: GK COIL GREENSHAKTI LSC12HR M49 P60 HP | C38: 34 | E38: 34
A39: 40065274 | B39: GK COIL MINIJUMBOPLAIN M39 P60 RNF HP | C39: 53 | E39: 53
A40: 40044139 | B40: GK Fabric RollOn 8ml M85 P48 Bubblegum | C40: 6 | E40: 6
A41: 40065350 | B41: GK FLASH 3LV+LMD M299 P36 ECOM RNF PCB | C41: 20 | E41: 20
A42: 40064893 | B42: GODREJ FAB 1.7KG POUCH P6M199 TL GT | C42: 5 | E42: 5
A43: 40065374 | B43: GODREJ FAB 65G SACHET M10P96 OFF NF | C43: 9 | E43: 9
A44: 40056378 | B44: HIT ANTI ROACH 15G M99 P96 | C44: 2 | E44: 2
A45: 40059499 | B45: HIT ANTI ROACH 15G M99 P96 HANGER | C45: 16 | E45: 16
... A54: 40058547 | B54: KS3'S LONGLAST SYNC M60 P480 | C54: 1 | E54: 0
A55: 40063964 | B55: NO1 JAS MC 43G PO4 M40 P54 RSTRD NF2 | C55: 5 | D55: GIT | E55: 0
A56: 40064844 | B56: NO1 JASMINE100G PO5 M125 P36 NDRSTRD NF2 | C56: 200 | D56: GIT | E56: 200
A57: 40063198 | B57: NO1 RSEWTR ALMND 43G PO4M40P54 RSTRD NF2 | C57: 28 | D57: GIT | E57: 28
A58: 40063193 | B58: NO1COCONM 43GPO4M40P54 TFM 70% RSTRD NF2 | C58: 32 | D58: GIT | E58: 0
A59: 40050590 | B59: NUPUR PURE HEENA 10GHDPE BAG M5.00 P600 | C59: 1 | E59: 1
A60: 40064377 | B60: PA 2VOY 1 NEO REFRESH 150ML M500 P16 | C60: 10 | E60: 10
A61: 40064695 | B61: PA DISCOVER REFRESH B1G1 150ML M250 P24 | C61: 25 | E61: 25
A62: 40064472 | B62: PA EDP TWINPCK EUPHO+ HARMONY M1599P10 | C62: 35 | D62: GIT | E62: 35
A63: 40062828 | B63: PA FEDPTWIN GRACE+POISE 100ML*2 M1599P10 | C63: 2 | E63: 2
A64: 40064430 | B64: PA SOAP PURE LXRY 4X125GPO4 M320 P27GCPL | C64: 20 | D64: GIT | E64: 20
A65: 40064428 | B65: PA SOAP PURE LXRY125GB3G1 M240 P27 N | C65: 13 | D65: GIT | E65: 13
A66: 40064535 | B66: PRT GRMFIGHT REF HW AQUA1500ML M199P6 NF | C66: 20 | E66: 20
A67: 40055905 | B67: BLOQ CITRUS 40G M99 P48 CARTON PO6 | C67: 10 | E67: 10
A68: 40059593 | B68: EZEE 3.2KG REF M660 P4 NF OA NEW PACK | C68: 30 | E68: 0
A69: 40060282 | B69: PA ASL CB SPLASH 100ML M225 P36 | C69: 10 | E69: 0
A70: 40063685 | B70: PROTET GRMFIGHTHW LIM&EUREF650ML M99P18 | C70: 80 | E70: 80
A71: 40063686 | B71: PROTKT GRMFIGHTERHW AQUAREF650ML M99P18 | C71: 80 | E71: 80
A73: Driver Sign | C73: =SUM(C13:C71) -> 1479 | D73: Loading Total | E73: =SUM(E13:E71) -> 1220
A74: Supervisor Sign | D74: Checked By
A76: Sr.No. | B76: Delivery No | C76: Del Qty | D76: Total Scan | E76: pending
A77: 1
A78: 2
A79: 3
B80: Total
B84: Pune-3
A85: CODE | B85: SKU | C85: QTY
A86: 40055905 | B86: BLOQ CITRUS 40G M99 P48 CARTON PO6 | C86: 10 | D86: CFA
A87: 40059593 | B87: EZEE 3.2KG REF M660 P4 NF OA NEW PACK | C87: 30 | D87: CFA
A88: 40060282 | B88: PA ASL CB SPLASH 100ML M225 P36 | C88: 10 | D88: CFA
A89: 40063685 | B89: PROTET GRMFIGHTHW LIM&EUREF650ML M99P18 | C89: 80
A90: 40063686 | B90: PROTKT GRMFIGHTERHW AQUAREF650ML M99P18 | C90: 80
C92: =SUBTOTAL(9,C86:C91) -> 210

Sheet PUNE-4
I1: 1664.4 | J1: 2447017.5
I2: 7073.76 | J2: 17557083
A5: GODREJ CONSUMER PRODUCTS LTD
A6: C/O RPM Logistics Pvt Ltd. Add- E - 2 Vadpa Village BHIWANDI-421302
A7: Loading Sheet | C7: GATE NO: | E7: Plan Time: 16:33
A8: Transport Name | B8: SUBHAM | C8: 808951883 | E8: Date | F8: 30.10.2026 | G8: Weight | H8: 9MT
A9: Vehicle no | B9: MH14NP2249 | C9: 808952505 | E9: Start Time | G9: Volum | H9: 21000
A10: Destination | B10: PUNE-4 | E10: End Time | G10: Indent
A11: Driver No | B11: RR.9011953661
A12: Code | B12: Description | C12: Del Qty | D12: Priority | E12: MRP | F12: PKD | G12: Load Qty | H12: Remarks | I12: 4400600889
A13: 40063581 | B13: CIN COOL 75G PO4 M110 P50 NEWRSTRD | C13: 75 | D13: GIT
A14: 40063757 | B14: CIN HEALTH+ 38G NEW M10 P216 RSTRD | C14: 50 | D14: GIT | I14: 1001154406
A15: 40065157 | B15: KS SPARK MEGA 180ML M299 P72 NFR | C15: 100
A16: 40064503 | B16: NO1 LIME&ALO 100GP5 M125 P36 RSTRD NF2 | C16: 120 | I16: 7000640956
A17: 40049906 | B17: PA AMAZONWOODS 120ML M349 P24 GCPL | C17: 100
A18: 40057243 | B18: PA EDP OUD 100ML M599 P12 MT | C18: 100
A19: 40063685 | B19: PROTET GRMFIGHTHW LIM&EUREF650ML M99P18 | C19: 50
A20: 40063686 | B20: PROTKT GRMFIGHTERHW AQUAREF650ML M99P18 | C20: 75
A24: Driver Sign | C24: =SUM(C13:C23) -> 670 | D24: Loading Total
A25: Supervisor Sign | D25: Checked By
A27: Sr.No. | B27: Delivery No | C27: Del Qty | D27: Total Scan | E27: pending
A28: 1
A29: 2
A30: 3
B31: Total

Sheet PONDY-2
I1: 5906.016 | J1: 22197934
I2: 21621.398 | J2: 74592646
A5: GODREJ CONSUMER PRODUCTS LTD
A6: C/O RPM Logistics Pvt Ltd. Add- E - 2 Vadpa Village BHIWANDI-421302
A7: Loading Sheet | C7: GATE NO: | E7: Plan Time: 16:51
A8: Transport Name | B8: KAPOOR | C8: 808951928 | E8: Date | F8: 30.10.2026 | G8: Weight | H8: 25MT
A9: Vehicle no | B9: NL01AJ7792 | C9: 808951943 | E9: Start Time | G9: Volum | H9: 95000
A10: Destination | B10: PONDY-2 | E10: End Time | G10: Indent
A11: Driver No | B11: RR. 7232844206 | G11: GCPL-C121-M-12967
A12: Code | B12: Description | C12: Del Qty | D12: Priority | E12: MRP | F12: PKD | G12: Load Qty | H12: Remarks | I12: 4400600892
A13: 40043584 | B13: *PA SC GOOD MORNING 84G M75 P48 | C13: 100
A14: 40049658 | B14: Cin Org Bdywash Bottle 200ml M120 P30 | C14: 200
A15: 40050728 | B15: *CIN SHAVING CREAM 20GLIME FRESH M27P72 | C15: 109
A16: 40057243 | B16: PA EDP OUD 100ML M599 P12 MT | C16: 200
A17: 40057975 | B17: KS RUSH 120ML M99.00 P48 GCPL | C17: 150 | I17: 808952975
A18: 40059648 | B18: PA VOYAGE POCKET 18ML M70 P160 GCPL | C18: 70 | I18: 808952976
A19: 40060029 | B19: AER MATIC SPRAY REFILL FLG 210ML M249P18 | C19: 566
A20: 40060030 | B20: AER MATIC REFILL ALIVE 225ML M249P18 | C20: 400
A21: 40060034 | B21: AER MATIC SPRY RFILL VVB 210ML M249P18NF | C21: 100
A22: 40060450 | B22: CIN SANDAL BDYWASH BOTTLE 750ML M330P12 | C22: 170 | I22: 1006210391
A23: 40062265 | B23: AER MATIC SPRAY REF CSB 210ML M249P18 NP | C23: 100 | I23: 5128551
A24: 40062332 | B24: KS10'S SKINFEEL M180 P480 NEWAW | C24: 78 | I24: 5128550
A25: 40062519 | B25: KS10'S RIBBED M100 P480 NEWAW | C25: 30 | I25: 1006210390
A26: 40063275 | B26: PA EDP EUPHORIA 100ML G M799P12 MT NEWAW | C26: 10
A27: 40063500 | B27: HIT FIK 125ML M90 P90 NEW L MFT | C27: 46
A28: 40063612 | B28: KALI MEHENDI 3G X8 SACHETS P45 M120 NFR | C28: 1
A29: 40063686 | B29: PROTKT GRMFIGHTERHW AQUAREF650ML M99P18 | C29: 200
A30: 40063967 | B30: PA LUXURY GROOMING KIT M1149 P6 EDP | C30: 100
A31: 40064427 | B31: PA SOAP GD MRNG 125G B3G1 M240 P27 | C31: 27
A32: 40065292 | B32: FAB FRONT LOAD 800GM NEW AW P12 M130 EC | C32: 300
A33: 40065336 | B33: GK FLASHREFILL PO4 M365P60 EC RNF CAF RS | C33: 175
A34: 40065352 | B34: GK REFACTIV+PO4 M365P60 RNF NEW ART PCR | C34: 120
A37: Driver Sign | C37: =SUM(C13:C36) -> 3252 | D37: Loading Total
A38: Supervisor Sign | D38: Checked By
A40: Sr.No. | B40: Delivery No | C40: Del Qty | D40: Total Scan | E40: pending
A41: 1
A42: 2
A43: 3
B44: Total

Sheet KOLKATTA-1
I1: 3663.84 | J1: 13435780
I2: 13946.124 | J2: 50642046
A5: GODREJ CONSUMER PRODUCTS LTD
A6: C/O RPM Logistics Pvt Ltd. Add- E - 2 Vadpa Village BHIWANDI-421302
A7: Loading Sheet | C7: GATE NO: | E7: Plan Time: 17:06
A8: Transport Name | B8: GATIVIDHI | C8: 808951969 | E8: Date | F8: 30.10.2026 | G8: Weight | H8: 18MT | J8: 4400600894
A9: Vehicle no | B9: NL01AB9631 | C9: 808951981 | E9: Start Time | G9: Volum | H9: 65000
A10: Destination | B10: KOLKATTA-1 | E10: End Time | G10: Indent
A11: Driver No | B11: RR. 7003587250 | G11: GCPL-C121-O-12968
A12: Code | B12: Description | C12: Del Qty | D12: Priority | E12: MRP | F12: PKD | G12: Load Qty | H12: Remarks
A13: 40060030 | B13: AER MATIC REFILL ALIVE 225ML M249P18 | C13: 200
A14: 40062265 | B14: AER MATIC SPRAY REF CSB 210ML M249P18 NP | C14: 139
A15: 40060029 | B15: AER MATIC SPRAY REFILL FLG 210ML M249P18 | C15: 247
A16: 40060034 | B16: AER MATIC SPRY RFILL VVB 210ML M249P18NF | C16: 10
A17: 40060449 | B17: CIN SANDAL BDYWASH BOTTLE 200ML M120P30 | C17: 50
A18: 40060450 | B18: CIN SANDAL BDYWASH BOTTLE 750ML M330P12 | C18: 50 | I18: 1006210377
A19: 40060535 | B19: CIN SHAVING CREAM LIME FRESH 78G M80 P72 | C19: 2 | I19: 5128549
A20: 40065292 | B20: FAB FRONT LOAD 800GM NEW AW P12 M130 EC | C20: 300 | I20: 5128548
A21: 40063483 | B21: HIT CIK 200ML M110 P60 0.18MM NEW L 33% | C21: 100 | I21: 1006210376
A22: 40064907 | B22: HIT RAT GLUE 50G M130 P50 BLUE ART | C22: 25
A23: 40062523 | B23: KS10'S STRAWBERRYFLV M100 P480 NEWAW | C23: 100
A24: 40064695 | B24: PA DISCOVER REFRESH B1G1 150ML M250 P24 | C24: 40
A25: 40059654 | B25: PA GM DEOSHOT 40ML HANG M80 P144 | C25: 100
A26: 40061999 | B26: PA GM POCKET 18ML M70 P160 GCPL | C26: 130
A27: 40063967 | B27: PA LUXURY GROOMING KIT M1149 P6 EDP | C27: 150
A28: 40064088 | B28: PA NEO REFRESH 150ML B1G1 M250 P24 | C28: 200
A29: 40049949 | B29: PA SIGNATURE COLLECTION KIT M899P6 | C29: 120
A30: 40063685 | B30: PROTET GRMFIGHTHW LIM&EUREF650ML M99P18 | C30: 49
A31: 40063686 | B31: PROTKT GRMFIGHTERHW AQUAREF650ML M99P18 | C31: 64
A32: 40064535 | B32: PRT GRMFIGHT REF HW AQUA1500ML M199P6 NF | C32: 150
A34: Driver Sign | C34: =SUM(C13:C33) -> 2226 | D34: Loading Total
A35: Supervisor Sign | D35: Checked By
A37: Sr.No. | B37: Delivery No | C37: Del Qty | D37: Total Scan | E37: pending
A38: 1
A39: 2
A40: 3
B41: Total

Sheet NAGPUR-1
I1: 7568.624 | J1: 30624223
I2: 432.48 | J2: 2832696
I3: 2267.85 | J3: 14092617
I4: 4807.92 | J4: 12538146
A5: GODREJ CONSUMER PRODUCTS LTD
A6: C/O RPM Logistics Pvt Ltd. Add- E - 2 Vadpa Village BHIWANDI-421302
A7: Loading Sheet | C7: GATE NO: | E7: Plan Time: 17:30
A8: Transport Name | B8: ADVAY | C8: 808952011 | E8: Date | F8: 30.10.2026 | G8: Weight | H8: 15MT | J8: 4400600895
A9: Vehicle no | B9: MH04JU1277 | C9: 808952025 | E9: Start Time | G9: Volum | H9: 60000
A10: Destination | B10: NAGPUR-1 | C10: 808952085 | E10: End Time | G10: Indent
A11: Driver No | B11: RR.7385766424 | G11: GCPL-C121-O-12963
A12: Code | B12: Description | C12: Del Qty | D12: Priority | E12: MRP | F12: PKD | G12: Load Qty | H12: Remarks
A13: 40038891 | B13: Godrej Selfie SHC 5ml+5ml P360 M15 NBrwn | C13: 1 | E13: 1
A14: 40041315 | B14: AER O coolaqua 7.5g M99 PO60 | C14: 18 | E14: 18
A15: 40041820 | B15: GodMag RTMFlrClnrLavRef55mlPO8M40P128 | C15: 1 | E15: 1
A16: 40042746 | B16: KS LUBE STRAWBERRY 50ML M299 P24 | C16: 5 | E16: 5 | I16: 808952971
A17: 40049729 | B17: AER SPRAY VIOLET VALLEY 220ml M99P24 | C17: 65 | E17: 65 | I17: 808952972
A18: 40050728 | B18: *CIN SHAVING CREAM 20GLIME FRESH M27P72 | C18: 30 | E18: 30
A19: 40059678 | B19: PA TRANCE MIST 135ML M199 P24 GCPL | C19: 40 | D19: GIT | E19: 40
A20: 40060034 | B20: AER MATIC SPRY RFILL VVB 210ML M249P18NF | C20: 70 | E20: 70
A21: 40060535 | B21: CIN SHAVING CREAM LIME FRESH 78G M80 P72 | C21: 7 | E21: 7 | I21: 7000640968
A22: 40060848 | B22: NO1 LIMALO 150G PO4 M190P24-MT RSTRDNF | C22: 80 | D22: CFA | E22: 80
A23: 40062018 | B23: GODREJ XPRSS SHC 9+9ML P144 M30 NBLK ND | C23: 6 | E23: 6
A24: 40062023 | B24: EXPCRM 11G NBLK M15 P240 ND | C24: 150 | E24: 150
A25: 40063421 | B25: AERPWRPCKT LEMTANGYDEL 10G M70P120 | C25: 100 | D25: GIT | E25: 0
A26: 40063016 | B26: EXPCRM 20G+20ML+2ML DBRN PO10 P240 M40ND | C26: 4 | E26: 4
A27: 40063018 | B27: AERPOWERPOCKET BERRYRUSH 10G M70P120 NF | C27: 50 | E27: 50
A28: 40063020 | B28: AERPWRPCKT ROSEFRBLOSSM 10G M70P120NP NF | C28: 75 | E28: 75
A29: 40063021 | B29: AERPWRPCKT LAV BLOOM 10G M70P120NP | C29: 100 | E29: 100
A30: 40064886 | B30: EZEE 500G M140 P24 50 % PCR | C30: 286 | D30: GIT | E30: 0
A31: 40064886 | B31: EZEE 500G M140 P24 50 % PCR | C31: 29 | E31: 0
A32: 40063025 | B32: AERPWRPCKT JASFLORDELI 10G M70P120 NF | C32: 100 | E32: 100
A33: 40063045 | B33: HIT FIK 200ML M125P60 CAN .18MM MFT NEW | C33: 77 | E33: 77
A34: 40063483 | B34: HIT CIK 200ML M110 P60 0.18MM NEW L 33% | C34: 156 | E34: 156
A35: 40063491 | B35: HIT FIK 400ML M240 P36 0.18 20%MFT | C35: 7 | E35: 7
A36: 40063500 | B36: HIT FIK 125ML M90 P90 NEW L MFT | C36: 7 | E36: 7
A37: 40063685 | B37: PROTET GRMFIGHTHW LIM&EUREF650ML M99P18 | C37: 20 | E37: 20
A38: 40063686 | B38: PROTKT GRMFIGHTERHW AQUAREF650ML M99P18 | C38: 80 | E38: 80
A39: 40063688 | B39: AER SPRAY LAVENDERBLOOM 180ML M99P24 | C39: 122 | E39: 122 | F39: =122-57 -> 65
A40: 40063699 | B40: AER SPRAY JASMINEDELIGHT 180ML M99P24 | C40: 116 | E40: 116
A41: 40063700 | B41: AER SPRAY FOREST FRESH 180ML M99P24 | C41: 44 | E41: 44
A42: 40063747 | B42: AER SPRAY ROSEBLOSSOM 180ML M99P24 | C42: 35 | E42: 35
A43: 40063753 | B43: AER SPRAY COOLAQUA 180ML M99P24 | C43: 35 | E43: 35
A44: 40063810 | B44: CIN LIME 125G PO3 (BANDED) M140 P40-MT | C44: 28 | E44: 28
A45: 40064105 | B45: GKFLSHLAVREF PO2M180P120 RNF PCR OT | C45: 8 | E45: 8
A46: 40064518 | B46: GODREJ XPRESS NBLK18MLPO8 M30 P144 MT ND | C46: 1 | E46: 1
A47: 40064685 | B47: HIT CIK 125ML M80 P90X | C47: 5 | E47: 5
A48: 40064688 | B48: HIT CIK 400ML M205 P36 | C48: 130 | E48: 130
A49: 40064876 | B49: GODREJ FAB 2KG P6 M309 FL | C49: 9 | E49: 9
A50: 40064999 | B50: CIN LIME 100G SINGLES M45 P150 NEW RSTRD | C50: 5 | E50: 5
A51: 40065000 | B51: GODMAGIC RTM HW LIME 9G M110P40 (11+1) | C51: 53 | E51: 53
A52: 40065278 | B52: AER PLUG VIOLET BLOOM 1M+2R M275P24 NC | C52: 40 | E52: 40 | J52: 808952947
A54: Driver Sign | C54: =SUM(C13:C53) -> 2195 | D54: Loading Total | E54: =SUM(E13:E53) -> 1780
A55: Supervisor Sign | D55: Checked By
A57: Sr.No. | B57: Delivery No | C57: Del Qty | D57: Total Scan | E57: pending
A58: 1
A59: 2
A60: 3
B61: Total
A64: 40062023 | B64: EXPCRM 11G NBLK M15 P240 ND | C64: 150
A65: 40063688 | B65: AER SPRAY LAVENDERBLOOM 180ML M99P24 | C65: 122
A66: 40063810 | B66: CIN LIME 125G PO3 (BANDED) M140 P40-MT | C66: 28
A67: 40064688 | B67: HIT CIK 400ML M205 P36 | C67: 130
C69: =SUM(C64:C68) -> 430

Sheet Sheet19
A5: GODREJ CONSUMER PRODUCTS LTD
A6: C/O RPM Logistics Pvt Ltd. Add- E - 2 Vadpa Village BHIWANDI-421302
A7: Loading Sheet | C7: GATE NO: | E7: Plan Time:
A8: Transport Name | E8: Date | G8: Weight
A9: Vehicle no | E9: Start Time | G9: Volum
A10: Destination | E10: End Time | G10: Indent | J10: 4400600897
A11: Driver No
A12: Code | B12: Description | C12: Del Qty | D12: Priority | E12: MRP | F12: PKD | G12: Load Qty | H12: Remarks
A120: Driver Sign | D120: Loading Total
A121: Supervisor Sign | D121: Checked By
A123: Sr.No. | B123: Delivery No | C123: Del Qty | D123: Total Scan | E123: pending
A124: 1
A125: 2
A126: 3
B127: Total

Sheet Sheet20
A5: GODREJ CONSUMER PRODUCTS LTD
A6: C/O RPM Logistics Pvt Ltd. Add- E - 2 Vadpa Village BHIWANDI-421302
A7: Loading Sheet | C7: GATE NO: | E7: Plan Time:
A8: Transport Name | E8: Date | G8: Weight
A9: Vehicle no | E9: Start Time | G9: Volum
A10: Destination | E10: End Time | G10: Indent
A11: Driver No
A12: Code | B12: Description | C12: Del Qty | D12: Priority | E12: MRP | F12: PKD | G12: Load Qty | H12: Remarks
A120: Driver Sign | D120: Loading Total
A121: Supervisor Sign | D121: Checked By
A123: Sr.No. | B123: Delivery No | C123: Del Qty | D123: Total Scan | E123: pending
A124: 1
A125: 2
A126: 3
B127: Total

Sheet Sheet21
A5: GODREJ CONSUMER PRODUCTS LTD
A6: C/O RPM Logistics Pvt Ltd. Add- E - 2 Vadpa Village BHIWANDI-421302
A7: Loading Sheet | C7: GATE NO: | E7: Plan Time:
A8: Transport Name | E8: Date | G8: Weight
A9: Vehicle no | E9: Start Time | G9: Volum
A10: Destination | E10: End Time | G10: Indent
A11: Driver No
A12: Code | B12: Description | C12: Del Qty | D12: Priority | E12: MRP | F12: PKD | G12: Load Qty | H12: Remarks
A120: Driver Sign | D120: Loading Total
A121: Supervisor Sign | D121: Checked By
A123: Sr.No. | B123: Delivery No | C123: Del Qty | D123: Total Scan | E123: pending
A124: 1
A125: 2
A126: 3
B127: Total

Sheet Sheet22
A5: GODREJ CONSUMER PRODUCTS LTD
A6: C/O RPM Logistics Pvt Ltd. Add- E - 2 Vadpa Village BHIWANDI-421302
A7: Loading Sheet | C7: GATE NO: | E7: Plan Time:
A8: Transport Name | E8: Date | G8: Weight
A9: Vehicle no | E9: Start Time | G9: Volum
A10: Destination | E10: End Time | G10: Indent
A11: Driver No
A12: Code | B12: Description | C12: Del Qty | D12: Priority | E12: MRP | F12: PKD | G12: Load Qty | H12: Remarks
A120: Driver Sign | D120: Loading Total
A121: Supervisor Sign | D121: Checked By
A123: Sr.No. | B123: Delivery No | C123: Del Qty | D123: Total Scan | E123: pending
A124: 1
A125: 2
A126: 3
B127: Total

Sheet Sheet23
A5: GODREJ CONSUMER PRODUCTS LTD
A6: C/O RPM Logistics Pvt Ltd. Add- E - 2 Vadpa Village BHIWANDI-421302
A7: Loading Sheet | C7: GATE NO: | E7: Plan Time:
A8: Transport Name | E8: Date | G8: Weight
A9: Vehicle no | E9: Start Time | G9: Volum
A10: Destination | E10: End Time | G10: Indent
A11: Driver No
A12: Code | B12: Description | C12: Del Qty | D12: Priority | E12: MRP | F12: PKD | G12: Load Qty | H12: Remarks
A120: Driver Sign | D120: Loading Total
A121: Supervisor Sign | D121: Checked By
A123: Sr.No. | B123: Delivery No | C123: Del Qty | D123: Total Scan | E123: pending
A124: 1
A125: 2
A126: 3
B127: Total

Sheet Sheet24
A5: GODREJ CONSUMER PRODUCTS LTD
A6: C/O RPM Logistics Pvt Ltd. Add- E - 2 Vadpa Village BHIWANDI-421302
A7: Loading Sheet | C7: GATE NO: | E7: Plan Time:
A8: Transport Name | E8: Date | G8: Weight
A9: Vehicle no | E9: Start Time | G9: Volum
A10: Destination | E10: End Time | G10: Indent
A11: Driver No
A12: Code | B12: Description | C12: Del Qty | D12: Priority | E12: MRP | F12: PKD | G12: Load Qty | H12: Remarks
A120: Driver Sign | D120: Loading Total
A121: Supervisor Sign | D121: Checked By
A123: Sr.No. | B123: Delivery No | C123: Del Qty | D123: Total Scan | E123: pending
A124: 1
A125: 2
A126: 3
B127: Total

Sheet Sheet25
A5: GODREJ CONSUMER PRODUCTS LTD
A6: C/O RPM Logistics Pvt Ltd. Add- E - 2 Vadpa Village BHIWANDI-421302
A7: Loading Sheet | C7: GATE NO: | E7: Plan Time:
A8: Transport Name | E8: Date | G8: Weight
A9: Vehicle no | E9: Start Time | G9: Volum
A10: Destination | E10: End Time | G10: Indent
A11: Driver No
A12: Code | B12: Description | C12: Del Qty | D12: Priority | E12: MRP | F12: PKD | G12: Load Qty | H12: Remarks
A120: Driver Sign | D120: Loading Total
A121: Supervisor Sign | D121: Checked By
A123: Sr.No. | B123: Delivery No | C123: Del Qty | D123: Total Scan | E123: pending
A124: 1
A125: 2
A126: 3
B127: Total

Sheet Sheet26
A5: GODREJ CONSUMER PRODUCTS LTD
A6: C/O RPM Logistics Pvt Ltd. Add- E - 2 Vadpa Village BHIWANDI-421302
A7: Loading Sheet | C7: GATE NO: | E7: Plan Time:
A8: Transport Name | E8: Date | G8: Weight
A9: Vehicle no | E9: Start Time | G9: Volum
A10: Destination | E10: End Time | G10: Indent
A11: Driver No
A12: Code | B12: Description | C12: Del Qty | D12: Priority | E12: MRP | F12: PKD | G12: Load Qty | H12: Remarks
A120: Driver Sign | D120: Loading Total
A121: Supervisor Sign | D121: Checked By
A123: Sr.No. | B123: Delivery No | C123: Del Qty | D123: Total Scan | E123: pending
A124: 1
A125: 2
A126: 3
B127: Total

Sheet Sheet27
A5: GODREJ CONSUMER PRODUCTS LTD
A6: C/O RPM Logistics Pvt Ltd. Add- E - 2 Vadpa Village BHIWANDI-421302
A7: Loading Sheet | C7: GATE NO: | E7: Plan Time:
A8: Transport Name | E8: Date | G8: Weight
A9: Vehicle no | E9: Start Time | G9: Volum
A10: Destination | E10: End Time | G10: Indent
A11: Driver No
A12: Code | B12: Description | C12: Del Qty | D12: Priority | E12: MRP | F12: PKD | G12: Load Qty | H12: Remarks
A120: Driver Sign | D120: Loading Total
A121: Supervisor Sign | D121: Checked By
A123: Sr.No. | B123: Delivery No | C123: Del Qty | D123: Total Scan | E123: pending
A124: 1
A125: 2
A126: 3
B127: Total

Sheet Sheet28
A5: GODREJ CONSUMER PRODUCTS LTD
A6: C/O RPM Logistics Pvt Ltd. Add- E - 2 Vadpa Village BHIWANDI-421302
A7: Loading Sheet | C7: GATE NO: | E7: Plan Time:
A8: Transport Name | E8: Date | G8: Weight
A9: Vehicle no | E9: Start Time | G9: Volum
A10: Destination | E10: End Time | G10: Indent
A11: Driver No
A12: Code | B12: Description | C12: Del Qty | D12: Priority | E12: MRP | F12: PKD | G12: Load Qty | H12: Remarks
A120: Driver Sign | D120: Loading Total
A121: Supervisor Sign | D121: Checked By
A123: Sr.No. | B123: Delivery No | C123: Del Qty | D123: Total Scan | E123: pending
A124: 1
A125: 2
A126: 3
B127: Total

Sheet Sheet29
A5: GODREJ CONSUMER PRODUCTS LTD
A6: C/O RPM Logistics Pvt Ltd. Add- E - 2 Vadpa Village BHIWANDI-421302
A7: Loading Sheet | C7: GATE NO: | E7: Plan Time:
A8: Transport Name | E8: Date | G8: Weight
A9: Vehicle no | E9: Start Time | G9: Volum
A10: Destination | E10: End Time | G10: Indent
A11: Driver No
A12: Code | B12: Description | C12: Del Qty | D12: Priority | E12: MRP | F12: PKD | G12: Load Qty | H12: Remarks
A120: Driver Sign | D120: Loading Total
A121: Supervisor Sign | D121: Checked By
A123: Sr.No. | B123: Delivery No | C123: Del Qty | D123: Total Scan | E123: pending
A124: 1
A125: 2
A126: 3
B127: Total

Sheet Sheet30
A5: GODREJ CONSUMER PRODUCTS LTD
A6: C/O RPM Logistics Pvt Ltd. Add- E - 2 Vadpa Village BHIWANDI-421302
A7: Loading Sheet | C7: GATE NO: | E7: Plan Time:
A8: Transport Name | E8: Date | G8: Weight
A9: Vehicle no | E9: Start Time | G9: Volum
A10: Destination | E10: End Time | G10: Indent
A11: Driver No
A12: Code | B12: Description | C12: Del Qty | D12: Priority | E12: MRP | F12: PKD | G12: Load Qty | H12: Remarks
A120: Driver Sign | D120: Loading Total
A121: Supervisor Sign | D121: Checked By
A123: Sr.No. | B123: Delivery No | C123: Del Qty | D123: Total Scan | E123: pending
A124: 1
A125: 2
A126: 3
B127: Total
